timestamp,open,high,low,close,volume
2025-05-10 16:00:00+00:00,103186.9,103533.6,103023.9,103205.1,78.49888901
2025-05-10 20:00:00+00:00,103205.1,104943.7,103135.3,104800.0,253.55919611
2025-05-11 00:00:00+00:00,104799.9,104919.7,103500.0,104056.7,153.35520452
2025-05-11 04:00:00+00:00,104056.7,104366.0,103326.8,103402.0,93.39416988
2025-05-11 08:00:00+00:00,103402.0,104717.3,103402.0,104675.0,50.95491422
2025-05-11 12:00:00+00:00,104675.0,104817.8,103812.8,104192.0,258.08552132
2025-05-11 16:00:00+00:00,104192.0,104800.0,103816.5,104403.1,94.02612606
2025-05-11 20:00:00+00:00,104403.1,104541.7,103604.9,104119.0,129.69790844
2025-05-12 00:00:00+00:00,104119.0,105000.0,103729.3,104089.1,175.37809437
2025-05-12 04:00:00+00:00,104089.2,105728.8,103800.0,104460.0,355.9315929
2025-05-12 08:00:00+00:00,104460.0,104709.5,103632.3,103694.1,151.94416414
2025-05-12 12:00:00+00:00,103694.1,104599.1,102428.0,102483.9,528.613472
2025-05-12 16:00:00+00:00,102483.9,103047.0,100772.6,101799.8,516.37541236
2025-05-12 20:00:00+00:00,101799.9,103100.0,101799.8,102825.0,140.69404856
2025-05-13 00:00:00+00:00,102825.1,102825.1,101525.1,101731.6,122.48869685
2025-05-13 04:00:00+00:00,101731.7,102874.0,101688.0,102643.4,84.6385485
2025-05-13 08:00:00+00:00,102643.4,103801.6,102583.7,103699.5,148.21271231
2025-05-13 12:00:00+00:00,103699.5,103941.1,102880.0,103689.8,233.81723195
2025-05-13 16:00:00+00:00,103689.8,104980.0,103598.0,104841.9,313.2711505
2025-05-13 20:00:00+00:00,104842.0,104882.0,103917.7,104156.7,201.96289107
2025-05-14 00:00:00+00:00,104156.8,104156.8,103500.0,103572.8,122.31511202
2025-05-14 04:00:00+00:00,103572.8,103985.6,103431.0,103752.0,181.28897494
2025-05-14 08:00:00+00:00,103752.0,104080.0,102898.7,103949.7,121.23640968
2025-05-14 12:00:00+00:00,103949.8,104280.1,102886.0,103505.5,157.34144771
2025-05-14 16:00:00+00:00,103505.5,103723.4,102591.5,103254.1,377.25565126
2025-05-14 20:00:00+00:00,103254.1,103663.0,103254.1,103589.7,64.30015473
2025-05-15 00:00:00+00:00,103589.7,103871.6,102800.0,102800.0,62.66392667
2025-05-15 04:00:00+00:00,102800.1,102926.9,101789.0,101809.2,116.69109903
2025-05-15 08:00:00+00:00,101809.3,102393.7,101588.0,102360.0,122.65647974
2025-05-15 12:00:00+00:00,102360.0,103282.2,101441.6,103282.1,284.83332667
2025-05-15 16:00:00+00:00,103282.2,104123.0,102619.0,103194.4,262.57094263
2025-05-15 20:00:00+00:00,103194.5,103971.9,102770.9,103761.7,132.79125051
2025-05-16 00:00:00+00:00,103761.7,104400.0,103483.5,104046.0,212.8598216
2025-05-16 04:00:00+00:00,104046.0,104181.4,103774.6,103774.7,89.06822127
2025-05-16 08:00:00+00:00,103774.7,103871.6,103130.0,103674.2,154.76387981
2025-05-16 12:00:00+00:00,103675.1,104253.3,103400.0,104168.3,179.37256607
2025-05-16 16:00:00+00:00,104181.0,104500.0,103604.9,104048.9,192.28482452
2025-05-16 20:00:00+00:00,104048.9,104048.9,103500.0,103500.1,105.61249361
2025-05-17 00:00:00+00:00,103500.1,103562.1,102690.0,103550.1,91.48865755
2025-05-17 04:00:00+00:00,103550.1,103697.1,103349.6,103456.5,24.13162512
2025-05-17 08:00:00+00:00,103456.6,103556.0,102787.4,103000.0,111.90764168
2025-05-17 12:00:00+00:00,103006.7,103169.1,102719.0,102971.1,66.77831616
2025-05-17 16:00:00+00:00,102971.1,103313.0,102787.3,103178.4,49.85263825
2025-05-17 20:00:00+00:00,103178.4,103431.0,102957.3,103169.1,63.30585492
2025-05-18 00:00:00+00:00,103169.1,103433.7,103148.2,103258.1,25.41564358
2025-05-18 04:00:00+00:00,103258.1,103920.2,103258.0,103919.0,62.5997643
2025-05-18 08:00:00+00:00,103919.0,104062.2,103807.1,103821.1,96.91197495
2025-05-18 12:00:00+00:00,103821.1,105672.7,103778.5,105522.0,436.70422468
2025-05-18 16:00:00+00:00,105522.1,105982.3,103900.0,103949.9,719.42296286
2025-05-18 20:00:00+00:00,103939.1,106631.8,103346.2,106525.6,607.90899323
2025-05-19 00:00:00+00:00,106525.6,107042.1,103551.9,103612.1,425.66340927
2025-05-19 04:00:00+00:00,103612.1,103697.0,102100.0,103246.0,496.02727568
2025-05-19 08:00:00+00:00,103246.1,103381.3,102828.0,102982.1,84.83101355
2025-05-19 12:00:00+00:00,102982.1,104943.0,102157.7,104800.0,353.49228393
2025-05-19 16:00:00+00:00,104800.0,105521.0,104538.7,105521.0,436.08240568
2025-05-19 20:00:00+00:00,105521.0,105811.4,105069.7,105637.7,259.67140403
2025-05-20 00:00:00+00:00,105637.7,106809.5,105553.1,105754.8,432.32077028
2025-05-20 04:00:00+00:00,105754.9,106404.3,105005.0,105024.1,119.3632037
2025-05-20 08:00:00+00:00,105024.2,105402.0,104920.7,105214.7,113.42448311
2025-05-20 12:00:00+00:00,105214.7,105409.5,104269.0,105409.5,297.71043578
2025-05-20 16:00:00+00:00,105409.5,107222.0,105142.8,107026.8,399.11933717
2025-05-20 20:00:00+00:00,107026.8,107262.6,105965.0,106855.6,351.79232863
2025-05-21 00:00:00+00:00,106855.6,107200.0,106287.0,106873.6,163.29302507
2025-05-21 04:00:00+00:00,106873.7,107995.0,106507.0,106589.9,453.14993057
2025-05-21 08:00:00+00:00,106580.8,106810.5,106155.0,106567.2,217.39730404
2025-05-21 12:00:00+00:00,106567.2,109528.1,106399.9,109027.7,889.59968806
2025-05-21 16:00:00+00:00,109027.8,109800.0,106204.6,108680.0,1104.92398413
2025-05-21 20:00:00+00:00,108680.1,110698.0,107786.7,109675.1,505.44178876
2025-05-22 00:00:00+00:00,109675.1,111863.5,109287.2,111738.7,488.58379096
2025-05-22 04:00:00+00:00,111738.7,111758.5,110460.8,111100.1,497.55992993
2025-05-22 08:00:00+00:00,111100.1,111331.8,110275.3,111005.6,255.31771712
2025-05-22 12:00:00+00:00,111000.1,111608.0,110567.1,111284.9,329.48178875
2025-05-22 16:00:00+00:00,111285.0,111983.2,111000.0,111205.1,336.9225046
2025-05-22 20:00:00+00:00,111205.1,111730.2,110779.0,111711.1,231.13584123
2025-05-23 00:00:00+00:00,111711.1,111785.3,111034.0,111108.8,95.60371297
2025-05-23 04:00:00+00:00,111108.8,111146.9,110373.4,110698.7,547.77292858
2025-05-23 08:00:00+00:00,110698.8,111300.0,108889.3,109043.9,374.05527096
2025-05-23 12:00:00+00:00,109044.0,109952.9,107332.5,108928.1,802.53722908
2025-05-23 16:00:00+00:00,108937.2,109822.8,108077.0,108700.9,470.46523594
2025-05-23 20:00:00+00:00,108700.9,108728.2,106824.0,107333.5,284.14961295
2025-05-24 00:00:00+00:00,107333.5,108308.2,106905.8,108308.1,85.85804097
2025-05-24 04:00:00+00:00,108308.2,108590.0,107635.2,107635.2,149.63259336
2025-05-24 08:00:00+00:00,107635.2,109503.4,107621.8,109220.1,104.73329845
2025-05-24 12:00:00+00:00,109220.1,109240.0,108565.9,108940.0,54.48630516
2025-05-24 16:00:00+00:00,108940.0,109174.2,108721.9,108987.9,53.61849503
2025-05-24 20:00:00+00:00,108987.9,109089.1,107534.5,107824.2,70.98780157
2025-05-25 00:00:00+00:00,107824.2,108250.0,107306.5,108141.0,106.05526034
2025-05-25 04:00:00+00:00,108141.0,108273.6,107519.6,107690.5,50.17030655
2025-05-25 08:00:00+00:00,107690.6,107690.6,106726.3,107287.5,138.85833414
2025-05-25 12:00:00+00:00,107287.5,107738.0,106672.9,107000.0,117.91680358
2025-05-25 16:00:00+00:00,107000.0,107889.0,106697.0,107778.0,58.8796066
2025-05-25 20:00:00+00:00,107766.6,109300.5,107235.1,109040.4,153.64426646
2025-05-26 00:00:00+00:00,109040.4,109850.0,108780.0,109674.9,140.88510576
2025-05-26 04:00:00+00:00,109674.9,110257.5,109416.8,110115.9,132.28177508
2025-05-26 08:00:00+00:00,110115.9,110190.1,109612.9,109776.2,268.80981341
2025-05-26 12:00:00+00:00,109779.0,110352.0,109532.6,110057.3,154.70898449
2025-05-26 16:00:00+00:00,110057.2,110352.0,108950.0,109148.9,218.83538403
2025-05-26 20:00:00+00:00,109148.9,109854.1,108985.6,109468.6,73.3456011
2025-05-27 00:00:00+00:00,109468.6,109663.9,107600.0,108903.3,187.67897897
2025-05-27 04:00:00+00:00,108903.3,109650.7,108633.7,109488.8,43.59253423
2025-05-27 08:00:00+00:00,109488.8,109900.0,109488.7,109615.1,98.50470781
2025-05-27 12:00:00+00:00,109615.2,110742.6,108723.9,110217.7,328.48826609
2025-05-27 16:00:00+00:00,110217.7,110500.0,109677.3,109870.1,194.51406308
2025-05-27 20:00:00+00:00,109870.1,109904.6,108692.8,109004.9,170.30591748
2025-05-28 00:00:00+00:00,109004.9,109250.0,108500.0,108940.1,175.6304347
2025-05-28 04:00:00+00:00,108940.1,109066.8,108718.0,108873.7,88.71845793
2025-05-28 08:00:00+00:00,108873.7,109156.4,108333.3,108916.5,78.0801565
2025-05-28 12:00:00+00:00,108916.6,109019.8,107125.0,107140.8,222.19988843
2025-05-28 16:00:00+00:00,107140.8,107867.4,107000.0,107000.0,270.31719413
2025-05-28 20:00:00+00:00,107000.1,108019.5,106805.1,107811.7,123.94176549
2025-05-29 00:00:00+00:00,107811.7,108477.6,107475.1,108072.8,122.88827993
2025-05-29 04:00:00+00:00,108073.0,108132.9,107016.6,107889.7,52.55571892
2025-05-29 08:00:00+00:00,107904.4,108888.0,107802.4,108790.0,80.68476367
2025-05-29 12:00:00+00:00,108800.0,108802.9,106500.0,107042.0,382.57446827
2025-05-29 16:00:00+00:00,107042.1,107183.2,105640.0,105743.0,424.12707698
2025-05-29 20:00:00+00:00,105743.0,106463.1,105348.4,105632.4,156.21492347
2025-05-30 00:00:00+00:00,105632.5,106188.0,104604.2,106029.9,203.84394785
2025-05-30 04:00:00+00:00,106030.0,106333.8,104784.7,105026.4,122.92485185
2025-05-30 08:00:00+00:00,105026.4,105957.0,104641.9,105903.5,187.01219269
2025-05-30 12:00:00+00:00,105903.5,106000.0,105113.5,105557.9,137.67894071
2025-05-30 16:00:00+00:00,105557.9,105560.7,103723.5,104638.5,478.51900358
2025-05-30 20:00:00+00:00,104638.6,104900.2,103641.3,104019.7,238.37269259
2025-05-31 00:00:00+00:00,104019.7,104288.2,103169.0,103702.5,192.45717956
2025-05-31 04:00:00+00:00,103702.6,103914.9,103521.8,103814.4,36.76742566
2025-05-31 08:00:00+00:00,103814.4,103838.7,103360.2,103525.1,69.30790816
2025-05-31 12:00:00+00:00,103525.1,104880.7,103525.1,104601.2,95.2586945
2025-05-31 16:00:00+00:00,104601.3,104824.4,104351.4,104751.0,66.32111506
2025-05-31 20:00:00+00:00,104751.1,104933.2,104521.8,104662.0,53.79468794
2025-06-01 00:00:00+00:00,104662.0,104687.9,104000.0,104443.1,35.82463392
2025-06-01 04:00:00+00:00,104443.1,104724.8,104270.4,104306.9,43.90780429
2025-06-01 08:00:00+00:00,104307.0,104478.9,103850.0,104117.3,49.25903525
2025-06-01 12:00:00+00:00,104117.3,104834.1,103855.5,104783.5,157.73853491
2025-06-01 16:00:00+00:00,104783.5,105300.0,104443.1,105146.5,160.44538539
2025-06-01 20:00:00+00:00,105146.5,105879.7,104955.0,105712.4,129.73678101
2025-06-02 00:00:00+00:00,105712.4,105754.8,104679.6,104895.1,135.25062167
2025-06-02 04:00:00+00:00,104895.1,105423.3,104673.7,105387.5,85.33355804
2025-06-02 08:00:00+00:00,105387.5,105910.6,104000.0,104058.0,145.98539031
2025-06-02 12:00:00+00:00,104058.1,104696.5,103737.7,104484.6,194.59119995
2025-06-02 16:00:00+00:00,104489.1,104750.8,104117.4,104476.3,134.11586072
2025-06-02 20:00:00+00:00,104476.3,105927.2,104476.3,105920.3,253.68343548
2025-06-03 00:00:00+00:00,105920.4,106500.0,105486.6,105560.2,137.50847576
2025-06-03 04:00:00+00:00,105560.2,105567.1,105233.7,105245.2,77.63205415
2025-06-03 08:00:00+00:00,105245.2,105395.3,104984.1,105315.0,65.84977437
2025-06-03 12:00:00+00:00,105315.0,106820.0,105127.5,106685.1,259.64811432
2025-06-03 16:00:00+00:00,106685.1,106744.3,105720.0,106305.9,170.42684395
2025-06-03 20:00:00+00:00,106305.9,106317.2,105372.7,105446.0,63.45113541
2025-06-04 00:00:00+00:00,105446.0,105891.9,105259.5,105655.1,51.90338487
2025-06-04 04:00:00+00:00,105655.1,105673.6,105329.7,105432.0,59.89883137
2025-06-04 08:00:00+00:00,105430.6,106000.0,105142.9,105148.4,74.86809627
2025-06-04 12:00:00+00:00,105148.4,105587.9,104279.0,105329.5,231.74882491
2025-06-04 16:00:00+00:00,105329.5,105522.9,104943.7,105040.8,105.297765
2025-06-04 20:00:00+00:00,105040.9,105040.9,104534.5,104745.4,89.43389208
2025-06-05 00:00:00+00:00,104745.4,105230.0,104745.3,105068.0,80.8111848
2025-06-05 04:00:00+00:00,105068.0,105214.4,104420.4,104541.5,32.80726589
2025-06-05 08:00:00+00:00,104541.6,104944.4,104521.4,104900.0,78.40000881
2025-06-05 12:00:00+00:00,104900.0,105948.1,103973.0,104581.0,348.67828293
2025-06-05 16:00:00+00:00,104581.0,104595.0,101597.4,101900.0,593.62209823
2025-06-05 20:00:00+00:00,101900.1,102149.7,100400.0,101579.7,610.08120414
2025-06-06 00:00:00+00:00,101579.7,102568.1,101211.5,102542.5,149.37748632
2025-06-06 04:00:00+00:00,102544.5,103489.7,102464.8,103195.9,115.88167793
2025-06-06 08:00:00+00:00,103196.2,104000.0,103196.2,104000.0,124.41416045
2025-06-06 12:00:00+00:00,104000.0,105360.1,103642.2,105167.4,240.55120751
2025-06-06 16:00:00+00:00,105167.5,105339.9,104167.1,104336.9,130.54402159
2025-06-06 20:00:00+00:00,104319.5,104686.1,104299.0,104376.0,116.44404269
2025-06-07 00:00:00+00:00,104376.0,104960.7,104000.1,104960.6,65.07710776
2025-06-07 04:00:00+00:00,104960.7,105385.3,104745.0,104947.6,68.11349823
2025-06-07 08:00:00+00:00,104947.7,105313.9,104800.0,105167.5,119.47061378
2025-06-07 12:00:00+00:00,105167.6,105774.9,105167.6,105608.2,79.94943494
2025-06-07 16:00:00+00:00,105608.2,105899.0,105313.7,105777.2,71.73785404
2025-06-07 20:00:00+00:00,105777.2,105929.0,105616.5,105654.5,87.66123594
2025-06-08 00:00:00+00:00,105654.6,105740.0,105452.3,105531.6,77.06871621
2025-06-08 04:00:00+00:00,105531.6,105688.6,105476.5,105484.1,78.60675578
2025-06-08 08:00:00+00:00,105484.1,105700.0,105082.3,105699.9,82.53402692
2025-06-08 12:00:00+00:00,105700.0,106108.1,105566.7,106036.3,178.22111429
2025-06-08 16:00:00+00:00,106036.4,106372.1,106036.3,106299.9,75.3871129
2025-06-08 20:00:00+00:00,106300.0,106477.0,105631.3,105754.2,76.69008455
2025-06-09 00:00:00+00:00,105754.2,105994.0,105401.0,105702.3,91.32013727
2025-06-09 04:00:00+00:00,105702.4,105760.8,105392.3,105636.6,42.90206662
2025-06-09 08:00:00+00:00,105636.6,107828.7,105566.4,107738.4,210.21786855
2025-06-09 12:00:00+00:00,107741.4,108000.0,106935.1,107726.1,294.28718926
2025-06-09 16:00:00+00:00,107726.1,108777.7,107693.9,108647.2,249.52134594
2025-06-09 20:00:00+00:00,108647.2,110550.0,108514.0,110280.0,376.53555991
2025-06-10 00:00:00+00:00,110280.0,110300.0,109425.6,109552.3,139.88194307
2025-06-10 04:00:00+00:00,109552.4,109739.0,109136.4,109259.6,130.13182651
2025-06-10 08:00:00+00:00,109259.7,109852.8,109079.3,109556.1,191.15095432
2025-06-10 12:00:00+00:00,109550.6,109879.1,108342.2,109066.9,251.07199191
2025-06-10 16:00:00+00:00,109066.9,110373.0,108561.8,109503.0,228.20755689
2025-06-10 20:00:00+00:00,109503.0,110295.9,109300.0,110273.6,239.62345567
2025-06-11 00:00:00+00:00,110273.6,110273.6,109600.0,109750.0,55.92171486
2025-06-11 04:00:00+00:00,109750.1,109750.1,109431.8,109496.2,28.86929166
2025-06-11 08:00:00+00:00,109496.2,109600.0,109218.1,109273.0,123.43590108
2025-06-11 12:00:00+00:00,109273.0,110411.0,109085.0,109752.1,319.02103574
2025-06-11 16:00:00+00:00,109755.9,109834.9,108500.0,108732.2,164.02050442
2025-06-11 20:00:00+00:00,108732.2,109200.0,108139.5,108702.0,118.80346822
2025-06-12 00:00:00+00:00,108701.9,108790.2,106888.0,107858.3,371.27360407
2025-06-12 04:00:00+00:00,107858.3,107996.4,107375.5,107657.2,112.23697257
2025-06-12 08:00:00+00:00,107657.1,107840.6,106929.8,106931.3,113.89705565
2025-06-12 12:00:00+00:00,106931.3,107789.7,106600.0,107047.3,253.86194122
2025-06-12 16:00:00+00:00,107047.4,108460.0,106734.3,106857.6,353.97381504
2025-06-12 20:00:00+00:00,106857.6,106979.0,105760.0,105760.1,306.90166072
2025-06-13 00:00:00+00:00,105760.1,105760.1,102812.3,104431.5,915.26910834
2025-06-13 04:00:00+00:00,104420.5,104935.7,103878.8,104935.2,238.8676446
2025-06-13 08:00:00+00:00,104935.3,105400.0,104437.6,105026.3,294.0559112
2025-06-13 12:00:00+00:00,105026.4,105727.3,104166.1,105479.7,198.2848183
2025-06-13 16:00:00+00:00,105479.7,106000.0,104709.0,105087.1,281.94453764
2025-06-13 20:00:00+00:00,105087.1,106137.5,105087.0,106122.3,180.69830487
2025-06-14 00:00:00+00:00,106122.3,106172.3,105258.3,105285.1,55.52878049
2025-06-14 04:00:00+00:00,105285.1,105433.2,104880.7,105120.8,40.67433262
2025-06-14 08:00:00+00:00,105120.8,105162.3,104930.1,105100.0,68.23471179
2025-06-14 12:00:00+00:00,105100.0,105100.0,104716.6,104824.4,46.02055437
2025-06-14 16:00:00+00:00,104824.4,105040.9,104416.3,104720.5,131.39626169
2025-06-14 20:00:00+00:00,104720.5,105524.5,104400.0,105479.4,50.82826977
2025-06-15 00:00:00+00:00,105479.4,105699.0,105360.7,105521.3,22.96699477
2025-06-15 04:00:00+00:00,105521.3,106090.0,105271.6,105471.8,41.86879592
2025-06-15 08:00:00+00:00,105471.8,105475.0,104914.6,104955.9,42.65131791
2025-06-15 12:00:00+00:00,104955.9,105816.1,104955.8,105594.1,54.22630844
2025-06-15 16:00:00+00:00,105594.1,105750.0,105114.9,105265.6,69.53466275
2025-06-15 20:00:00+00:00,105266.5,105587.8,104529.0,105581.4,103.64547446
2025-06-16 00:00:00+00:00,105581.5,105934.4,105019.3,105913.5,124.35752764
2025-06-16 04:00:00+00:00,105913.6,107250.0,105913.5,107042.0,274.8838925
2025-06-16 08:00:00+00:00,107053.6,107237.6,106598.3,106892.5,111.8229891
2025-06-16 12:00:00+00:00,106892.6,107812.0,106590.0,107459.8,221.68448057
2025-06-16 16:00:00+00:00,107456.2,108888.0,107410.0,108640.4,227.62297307
2025-06-16 20:00:00+00:00,108640.5,108924.6,106800.0,106800.1,249.58999702
2025-06-17 00:00:00+00:00,106800.1,107725.1,106216.6,107600.1,189.33925392
2025-06-17 04:00:00+00:00,107600.1,107684.0,106559.0,106755.0,111.36827568
2025-06-17 08:00:00+00:00,106755.0,106824.3,105531.5,105632.4,180.60303329
2025-06-17 12:00:00+00:00,105632.4,105815.8,104178.9,104260.5,318.05058275
2025-06-17 16:00:00+00:00,104260.5,105347.4,103400.0,104717.3,291.41099667
2025-06-17 20:00:00+00:00,104717.3,104828.9,104232.3,104622.4,257.46990477
2025-06-18 00:00:00+00:00,104622.5,105223.0,104370.4,105184.6,84.14795098
2025-06-18 04:00:00+00:00,105195.0,105529.9,104744.2,104970.0,92.17905035
2025-06-18 08:00:00+00:00,104970.0,105293.9,104206.1,104850.3,101.14888601
2025-06-18 12:00:00+00:00,104850.3,105311.6,103888.0,104838.1,168.28342525
2025-06-18 16:00:00+00:00,104838.1,104838.1,103567.6,103821.4,204.13597966
2025-06-18 20:00:00+00:00,103821.4,105142.9,103708.5,104892.0,158.51455043
2025-06-19 00:00:00+00:00,104891.9,105226.5,104499.9,105122.1,267.89123355
2025-06-19 04:00:00+00:00,105122.1,105200.0,104640.1,104640.5,349.05347947
2025-06-19 08:00:00+00:00,104640.5,105088.0,104640.4,104807.5,55.49640767
2025-06-19 12:00:00+00:00,104807.5,104899.8,104100.0,104117.3,64.59139391
2025-06-19 16:00:00+00:00,104117.4,104824.4,103931.6,104297.8,116.12360009
2025-06-19 20:00:00+00:00,104297.8,104843.0,104153.8,104675.2,271.74788078
2025-06-20 00:00:00+00:00,104675.2,104808.8,104444.9,104673.0,28.15258122
2025-06-20 04:00:00+00:00,104673.1,105799.0,104237.9,105799.0,73.48223931
2025-06-20 08:00:00+00:00,105799.0,106470.0,105798.9,106000.1,167.31482693
2025-06-20 12:00:00+00:00,106000.1,106100.1,103858.7,104236.0,300.82950304
2025-06-20 16:00:00+00:00,104224.6,104270.4,102388.9,103385.0,375.7973422
2025-06-20 20:00:00+00:00,103373.5,103754.2,103018.0,103292.0,106.27145575
2025-06-21 00:00:00+00:00,103300.0,103642.2,103145.0,103501.8,52.93901824
2025-06-21 04:00:00+00:00,103501.0,103577.6,103363.1,103468.1,37.61279261
2025-06-21 08:00:00+00:00,103471.3,103995.5,103471.2,103894.7,56.75271361
2025-06-21 12:00:00+00:00,103894.7,103894.7,103369.0,103584.7,72.96973424
2025-06-21 16:00:00+00:00,103584.7,103665.1,102260.0,102260.1,197.78416646
2025-06-21 20:00:00+00:00,102260.1,102860.4,100933.5,102144.0,520.85565617
2025-06-22 00:00:00+00:00,102153.0,103380.5,101882.0,102375.3,436.91341185
2025-06-22 04:00:00+00:00,102375.4,102950.0,102299.2,102418.9,151.92522607
2025-06-22 08:00:00+00:00,102418.9,102796.3,102172.6,102720.0,93.94972399
2025-06-22 12:00:00+00:00,102720.0,102800.0,98950.1,98950.1,850.78482047
2025-06-22 16:00:00+00:00,98950.2,100325.8,98700.0,98900.8,378.57095801
2025-06-22 20:00:00+00:00,98900.9,101001.0,98277.2,100987.9,419.15093446
2025-06-23 00:00:00+00:00,100987.9,101633.3,100542.0,101177.0,128.0834033
2025-06-23 04:00:00+00:00,101177.0,102084.4,101033.2,101981.7,156.07579378
2025-06-23 08:00:00+00:00,101981.6,102067.3,101208.8,101361.1,111.91093966
2025-06-23 12:00:00+00:00,101361.1,102571.4,100866.0,101508.5,463.21387556
2025-06-23 16:00:00+00:00,101508.5,103319.4,99700.0,103242.8,786.23711863
2025-06-23 20:00:00+00:00,103247.7,106022.4,103005.5,105382.0,989.42605729
2025-06-24 00:00:00+00:00,105382.1,105533.4,104800.0,105006.5,262.6489689
2025-06-24 04:00:00+00:00,105003.6,105881.3,104811.0,105019.1,341.10609551
2025-06-24 08:00:00+00:00,105006.6,105636.7,104777.0,105282.6,133.2231093
2025-06-24 12:00:00+00:00,105282.6,105760.5,104894.2,105287.0,230.02667112
2025-06-24 16:00:00+00:00,105287.0,106309.1,105274.1,105696.4,459.6924715
2025-06-24 20:00:00+00:00,105696.5,106100.0,105518.2,106100.0,143.81367621
2025-06-25 00:00:00+00:00,106100.0,106800.0,105888.2,106290.0,194.00995627
2025-06-25 04:00:00+00:00,106290.1,106773.6,106100.0,106683.7,177.06819633
2025-06-25 08:00:00+00:00,106683.7,107393.5,106400.0,107246.0,476.52801855
2025-06-25 12:00:00+00:00,107246.0,108165.5,106821.9,107087.1,547.87777027
2025-06-25 16:00:00+00:00,107087.0,107940.5,106987.4,107766.3,216.30440152
2025-06-25 20:00:00+00:00,107766.4,108000.0,107167.3,107360.0,142.58114519
2025-06-26 00:00:00+00:00,107360.0,108289.0,107222.0,107888.7,139.00116486
2025-06-26 04:00:00+00:00,107888.8,108100.0,107621.7,107925.0,97.10746699
2025-06-26 08:00:00+00:00,107925.1,108187.4,107200.0,107383.3,117.74590855
2025-06-26 12:00:00+00:00,107383.3,107757.0,106677.4,107311.8,187.29968076
2025-06-26 16:00:00+00:00,107311.8,107673.0,107076.3,107606.0,129.68265937
2025-06-26 20:00:00+00:00,107606.0,107985.1,106870.0,106945.0,182.88112626
2025-06-27 00:00:00+00:00,106945.1,107557.2,106477.2,107533.7,117.7762923
2025-06-27 04:00:00+00:00,107533.7,107712.1,106926.3,106961.5,58.12109514
2025-06-27 08:00:00+00:00,106961.5,107206.2,106757.0,106975.3,73.46065683
2025-06-27 12:00:00+00:00,106975.3,107454.0,106477.2,107382.1,181.05223357
2025-06-27 16:00:00+00:00,107382.2,107682.4,106488.1,106873.0,126.86593919
2025-06-27 20:00:00+00:00,106873.1,107260.7,106873.0,107115.4,84.35917976
2025-06-28 00:00:00+00:00,107115.4,107350.9,106918.4,107350.9,29.04712377
2025-06-28 04:00:00+00:00,107350.9,107475.1,107253.4,107475.1,19.98712728
2025-06-28 08:00:00+00:00,107475.1,107498.4,107309.1,107405.5,49.40265502
2025-06-28 12:00:00+00:00,107405.5,107544.2,107131.2,107518.3,40.48491735
2025-06-28 16:00:00+00:00,107518.4,107518.4,107064.0,107277.8,221.35850716
2025-06-28 20:00:00+00:00,107277.8,107360.0,107201.3,107325.1,65.85384576
2025-06-29 00:00:00+00:00,107325.1,107500.0,107228.2,107234.1,28.06852666
2025-06-29 04:00:00+00:00,107234.1,107379.4,107234.0,107371.5,6.84861898
2025-06-29 08:00:00+00:00,107371.5,108452.4,107371.4,108452.4,197.414115
2025-06-29 12:00:00+00:00,108452.3,108460.7,107692.0,107789.2,110.99753408
2025-06-29 16:00:00+00:00,107789.2,107813.0,107390.0,107450.5,83.86030482
2025-06-29 20:00:00+00:00,107450.5,108435.1,107311.5,108387.2,73.12000708
2025-06-30 00:00:00+00:00,108387.3,108792.0,108304.0,108509.7,189.85401419
2025-06-30 04:00:00+00:00,108509.8,108509.8,107583.0,107720.6,152.25803401
2025-06-30 08:00:00+00:00,107720.7,107978.0,107428.4,107676.6,131.35202306
2025-06-30 12:00:00+00:00,107676.6,107922.4,106800.0,107594.3,297.29769242
2025-06-30 16:00:00+00:00,107594.3,107852.6,107196.4,107784.7,415.63063078
2025-06-30 20:00:00+00:00,107784.8,107784.8,107013.5,107120.3,98.51088332
2025-07-01 00:00:00+00:00,107120.3,107540.2,107089.0,107175.6,151.10184439
2025-07-01 04:00:00+00:00,107175.7,107226.1,106700.0,107191.4,74.43954716
2025-07-01 08:00:00+00:00,107191.5,107200.0,106333.0,106604.8,117.93936329
2025-07-01 12:00:00+00:00,106604.8,107150.0,105669.7,106042.2,805.04636365
2025-07-01 16:00:00+00:00,106042.2,106318.6,105398.1,105417.2,231.20823687
2025-07-01 20:00:00+00:00,105417.2,106064.6,105312.0,105700.1,183.27333886
2025-07-02 00:00:00+00:00,105700.1,106228.6,105116.4,106199.1,292.78629029
2025-07-02 04:00:00+00:00,106199.2,107184.4,106165.6,107174.9,112.95202813
2025-07-02 08:00:00+00:00,107175.0,107841.5,107174.9,107452.5,176.45286852
2025-07-02 12:00:00+00:00,107452.5,108800.0,107219.0,108785.9,340.17057462
2025-07-02 16:00:00+00:00,108785.9,109794.7,108779.2,109700.0,458.47806499
2025-07-02 20:00:00+00:00,109700.0,109700.0,108761.8,108846.9,155.22948092
2025-07-03 00:00:00+00:00,108846.9,109116.5,108600.0,108678.1,64.19463631
2025-07-03 04:00:00+00:00,108678.2,109566.1,108650.0,109351.9,171.59781578
2025-07-03 08:00:00+00:00,109352.0,110298.4,109351.9,109652.6,230.06161095
2025-07-03 12:00:00+00:00,109652.6,110547.2,108809.8,109161.4,523.75433985
2025-07-03 16:00:00+00:00,109161.4,109931.0,109100.0,109860.0,147.75363804
2025-07-03 20:00:00+00:00,109848.1,109999.0,109598.1,109631.0,79.84509629
2025-07-04 00:00:00+00:00,109631.0,109746.6,109208.8,109291.6,58.54663971
2025-07-04 04:00:00+00:00,109291.7,109304.0,108739.6,108755.7,136.75174262
2025-07-04 08:00:00+00:00,108755.8,109112.3,108601.0,108919.6,67.24661685
2025-07-04 12:00:00+00:00,108919.7,109002.1,107609.7,107617.8,309.16239178
2025-07-04 16:00:00+00:00,107617.9,107926.5,107299.9,107491.9,151.02030904
2025-07-04 20:00:00+00:00,107492.0,108274.3,107469.4,108018.9,44.27230078
2025-07-05 00:00:00+00:00,108018.9,108296.2,107829.7,108220.1,20.27410835
2025-07-05 04:00:00+00:00,108220.1,108379.0,108068.9,108076.1,35.45252189
2025-07-05 08:00:00+00:00,108076.2,108215.0,107949.0,108206.7,39.7480257
2025-07-05 12:00:00+00:00,108206.7,108249.7,108040.5,108089.4,21.89057755
2025-07-05 16:00:00+00:00,108089.4,108187.7,107950.0,108163.9,21.65073089
2025-07-05 20:00:00+00:00,108163.9,108259.8,108035.0,108249.5,23.6138965
2025-07-06 00:00:00+00:00,108249.5,108272.6,108094.6,108102.6,10.59059236
2025-07-06 04:00:00+00:00,108102.7,108204.0,108004.7,108076.1,10.08545778
2025-07-06 08:00:00+00:00,108076.1,108138.0,107825.2,108068.4,62.03697732
2025-07-06 12:00:00+00:00,108068.4,109078.2,108068.3,108905.1,121.28757416
2025-07-06 16:00:00+00:00,108921.9,108980.0,108355.0,108530.8,79.35645188
2025-07-06 20:00:00+00:00,108530.9,109650.0,108530.8,109223.2,146.48212187
2025-07-07 00:00:00+00:00,109223.2,109700.0,108704.8,109385.3,71.29368925
2025-07-07 04:00:00+00:00,109385.3,109411.1,108700.0,109079.9,45.30856811
2025-07-07 08:00:00+00:00,109080.0,109080.0,108646.7,108648.0,42.99574161
2025-07-07 12:00:00+00:00,108648.0,108648.5,108000.0,108307.5,205.27701838
2025-07-07 16:00:00+00:00,108307.5,108440.3,107520.3,108100.0,253.0119973
2025-07-07 20:00:00+00:00,108100.1,108282.1,107862.0,108282.1,82.60618224
2025-07-08 00:00:00+00:00,108282.1,108490.4,107500.0,107911.9,47.73916014
2025-07-08 04:00:00+00:00,107912.0,108451.4,107777.8,108451.2,50.3773043
2025-07-08 08:00:00+00:00,108451.3,108973.2,108234.6,108772.6,222.8808923
2025-07-08 12:00:00+00:00,108772.6,109199.3,108282.3,108282.5,96.5532953
2025-07-08 16:00:00+00:00,108282.5,109164.1,108129.7,108809.1,157.13972402
2025-07-08 20:00:00+00:00,108809.1,108996.6,108655.4,108931.9,70.08965456
2025-07-09 00:00:00+00:00,108932.0,109118.7,108375.5,108381.2,48.7879538
2025-07-09 04:00:00+00:00,108381.2,108893.6,108375.3,108747.3,75.4672837
2025-07-09 08:00:00+00:00,108747.4,109119.5,108581.1,109068.9,63.97728512
2025-07-09 12:00:00+00:00,109068.9,109747.4,108516.5,109098.0,269.33294447
2025-07-09 16:00:00+00:00,109098.0,112000.0,109045.8,111699.3,530.21835555
2025-07-09 20:00:00+00:00,111699.4,111872.0,110656.3,111323.7,508.44310538
2025-07-10 00:00:00+00:00,111323.7,111550.0,110941.7,111089.9,195.96401684
2025-07-10 04:00:00+00:00,111090.0,111418.0,111000.0,111308.3,44.85331558
2025-07-10 08:00:00+00:00,111308.4,111385.8,110913.4,111063.9,109.61937589
2025-07-10 12:00:00+00:00,111063.9,111453.5,110600.0,111413.0,190.77269949
2025-07-10 16:00:00+00:00,111413.0,113825.0,111413.0,113432.2,803.33478343
2025-07-10 20:00:00+00:00,113432.3,116800.0,113344.1,115990.2,787.67465907
2025-07-11 00:00:00+00:00,115990.2,116900.0,115212.5,116900.0,282.62002741
2025-07-11 04:00:00+00:00,116899.7,118428.8,116527.5,117584.1,428.02418549
2025-07-11 08:00:00+00:00,117584.1,118818.4,117584.0,117824.4,271.358357
2025-07-11 12:00:00+00:00,117824.4,118276.2,116781.4,116885.6,242.65050225
2025-07-11 16:00:00+00:00,116885.7,118118.0,116679.0,118117.9,262.2141754
2025-07-11 20:00:00+00:00,118118.0,118134.7,117176.0,117532.6,325.64063087
2025-07-12 00:00:00+00:00,117532.6,117849.4,117164.3,117739.2,46.9814274
2025-07-12 04:00:00+00:00,117739.2,118120.3,117612.5,117784.2,119.89683177
2025-07-12 08:00:00+00:00,117784.2,118235.6,117700.0,117843.6,64.45597471
2025-07-12 12:00:00+00:00,117843.6,117843.7,116977.1,117164.5,185.12582094
2025-07-12 16:00:00+00:00,117164.5,117664.8,117101.9,117570.2,59.49189577
2025-07-12 20:00:00+00:00,117570.2,117580.8,117122.0,117461.0,35.26387203
2025-07-13 00:00:00+00:00,117461.0,117813.7,117277.3,117813.3,57.45965952
2025-07-13 04:00:00+00:00,117813.3,118000.0,117738.1,117976.9,72.68288708
2025-07-13 08:00:00+00:00,117976.9,118038.0,117722.8,118038.0,50.82634403
2025-07-13 12:00:00+00:00,118038.0,119390.0,118037.9,118724.1,422.41843723
2025-07-13 16:00:00+00:00,118724.1,119499.0,118451.4,118987.8,147.44562201
2025-07-13 20:00:00+00:00,118987.8,119385.8,118345.3,119102.1,130.31860314
2025-07-14 00:00:00+00:00,119102.2,121447.4,118961.2,120764.8,446.69624117
2025-07-14 04:00:00+00:00,120763.5,123140.0,120590.1,122733.2,544.41887073
2025-07-14 08:00:00+00:00,122733.2,122733.2,121344.8,121469.5,347.56095562
2025-07-14 12:00:00+00:00,121469.5,122043.2,119607.7,119820.0,424.85249605
2025-07-14 16:00:00+00:00,119820.0,120480.2,119235.0,119900.0,362.65801939
2025-07-14 20:00:00+00:00,119900.1,120450.0,119549.4,119855.0,182.6050147
2025-07-15 00:00:00+00:00,119855.0,119900.0,116847.3,117200.1,447.16448127
2025-07-15 04:00:00+00:00,117200.1,117755.2,116282.0,116758.6,363.85705075
2025-07-15 08:00:00+00:00,116764.5,117150.5,116324.0,117065.9,259.92755521
2025-07-15 12:00:00+00:00,117065.9,118370.0,115712.2,116375.0,609.98970247
2025-07-15 16:00:00+00:00,116375.0,117644.6,116012.5,116425.1,303.24345456
2025-07-15 20:00:00+00:00,116425.1,117954.0,116200.0,117741.0,182.50450274
2025-07-16 00:00:00+00:00,117741.0,118184.9,117094.0,117496.9,124.80945874
2025-07-16 04:00:00+00:00,117497.0,118304.3,117304.5,118162.6,121.17979778
2025-07-16 08:00:00+00:00,118162.6,119291.5,118142.6,118731.1,159.30751592
2025-07-16 12:00:00+00:00,118731.1,119755.1,118251.9,119125.9,311.90781935
2025-07-16 16:00:00+00:00,119125.9,119929.2,118542.4,119283.8,236.81399753
2025-07-16 20:00:00+00:00,119283.8,120049.5,118507.9,118712.6,205.55728704
2025-07-17 00:00:00+00:00,118712.6,119208.3,117746.1,118130.8,67.20525362
2025-07-17 04:00:00+00:00,118130.8,118812.4,117911.8,118424.9,207.55005282
2025-07-17 08:00:00+00:00,118424.9,119162.5,118038.0,118038.1,114.74989715
2025-07-17 12:00:00+00:00,118038.1,119100.0,117527.0,118975.0,182.62723289
2025-07-17 16:00:00+00:00,118972.9,119901.3,118452.0,119000.0,269.9539877
2025-07-17 20:00:00+00:00,119000.0,120999.6,118495.3,119321.0,292.93011893
2025-07-18 00:00:00+00:00,119321.0,120775.7,119150.0,120293.1,208.94905338
2025-07-18 04:00:00+00:00,120293.1,120833.7,119451.0,119451.1,204.81912056
2025-07-18 08:00:00+00:00,119451.1,119476.7,118500.0,119199.9,180.57999107
2025-07-18 12:00:00+00:00,119200.0,119500.0,117420.0,117939.8,237.8915341
2025-07-18 16:00:00+00:00,117939.7,118038.0,117232.1,117444.1,245.66184852
2025-07-18 20:00:00+00:00,117444.1,118013.9,116929.6,118011.9,126.08591136
2025-07-19 00:00:00+00:00,118011.9,118419.0,117731.4,118332.8,62.97666662
2025-07-19 04:00:00+00:00,118332.8,118443.0,118175.9,118254.1,26.09406012
2025-07-19 08:00:00+00:00,118254.1,118550.0,118075.0,118393.7,81.68433512
2025-07-19 12:00:00+00:00,118393.7,118393.7,117664.2,118159.0,43.36719131
2025-07-19 16:00:00+00:00,118159.0,118201.8,117700.0,118081.1,48.61558066
2025-07-19 20:00:00+00:00,118081.2,118129.0,117382.5,117909.1,48.03871482
2025-07-20 00:00:00+00:00,117909.1,118200.0,117750.0,118024.9,31.90666748
2025-07-20 04:00:00+00:00,118025.0,118250.0,117829.0,118089.2,33.44976768
2025-07-20 08:00:00+00:00,118089.2,118279.0,117912.8,117914.1,63.22761891
2025-07-20 12:00:00+00:00,117914.1,118792.3,117763.5,118699.1,175.96890504
2025-07-20 16:00:00+00:00,118699.1,118867.0,118054.7,118220.0,70.80045598
2025-07-20 20:00:00+00:00,118220.1,118313.5,116600.0,117319.1,207.84097791
2025-07-21 00:00:00+00:00,117319.0,118621.4,116623.7,118451.9,124.55156456
2025-07-21 04:00:00+00:00,118451.9,119630.4,118226.6,119399.9,131.08711775
2025-07-21 08:00:00+00:00,119399.9,119450.0,118138.4,118138.5,147.37018653
2025-07-21 12:00:00+00:00,118138.6,119250.0,117864.5,118372.4,217.34999105
2025-07-21 16:00:00+00:00,118372.5,118401.2,116750.0,116794.2,355.59825342
2025-07-21 20:00:00+00:00,116794.3,117681.1,116750.0,117461.0,89.26604373
2025-07-22 00:00:00+00:00,117461.0,117955.9,116260.0,117237.5,196.91152263
2025-07-22 04:00:00+00:00,117237.6,118600.0,116687.3,117937.6,192.64030138
2025-07-22 08:00:00+00:00,117937.6,119216.9,117600.0,119184.9,170.45140144
2025-07-22 12:00:00+00:00,119184.9,119560.4,117625.5,118954.7,287.66020954
2025-07-22 16:00:00+00:00,118954.7,120200.0,118454.7,119333.6,269.6273342
2025-07-22 20:00:00+00:00,119333.6,120237.5,119325.0,119977.5,139.32012106
2025-07-23 00:00:00+00:00,119977.5,120100.0,118637.9,118649.8,85.71059548
2025-07-23 04:00:00+00:00,118649.9,119039.2,118400.0,118420.1,96.48419452
2025-07-23 08:00:00+00:00,118420.1,118664.1,117945.4,118588.1,144.76781602
2025-07-23 12:00:00+00:00,118588.1,118788.9,117411.0,118647.0,258.58637153
2025-07-23 16:00:00+00:00,118646.7,118646.7,117447.2,118450.0,340.12722989
2025-07-23 20:00:00+00:00,118450.0,118735.3,117450.0,118735.3,163.22066339
2025-07-24 00:00:00+00:00,118735.3,119263.6,118538.0,118538.1,162.69651443
2025-07-24 04:00:00+00:00,118538.1,118566.2,117316.0,118468.0,283.2565111
2025-07-24 08:00:00+00:00,118468.0,118875.9,118040.8,118718.4,125.84049898
2025-07-24 12:00:00+00:00,118718.4,119489.8,117979.7,119164.1,148.2527645
2025-07-24 16:00:00+00:00,119164.2,119450.0,118500.0,119038.0,157.37764175
2025-07-24 20:00:00+00:00,119038.0,119038.0,118241.7,118386.9,69.57224156
2025-07-25 00:00:00+00:00,118387.5,118452.0,115392.4,115434.3,515.79473417
2025-07-25 04:00:00+00:00,115434.3,116148.2,114733.1,115318.4,422.72074485
2025-07-25 08:00:00+00:00,115318.3,116784.8,115050.0,116550.7,190.2735431
2025-07-25 12:00:00+00:00,116550.7,116600.0,114942.5,115802.0,214.46084606
2025-07-25 16:00:00+00:00,115802.0,116999.0,115463.0,116753.2,163.85199626
2025-07-25 20:00:00+00:00,116753.3,117628.1,116605.6,117628.1,102.99310515
2025-07-26 00:00:00+00:00,117628.1,117688.0,117197.6,117576.7,92.76635546
2025-07-26 04:00:00+00:00,117576.7,117581.0,117362.5,117362.5,48.66255246
2025-07-26 08:00:00+00:00,117362.6,118208.5,117362.5,117825.1,117.50211089
2025-07-26 12:00:00+00:00,117825.1,118221.8,117804.4,118125.9,106.87749633
2025-07-26 16:00:00+00:00,118126.0,118276.6,118038.3,118276.5,48.05227365
2025-07-26 20:00:00+00:00,118276.6,118276.6,117921.0,117937.5,44.83235727
2025-07-27 00:00:00+00:00,117937.6,118325.8,117863.8,118211.1,53.76878734
2025-07-27 04:00:00+00:00,118211.2,118401.8,118127.7,118154.2,49.17909596
2025-07-27 08:00:00+00:00,118154.2,118287.3,117900.0,118081.4,41.27280966
2025-07-27 12:00:00+00:00,118081.4,118564.2,117922.9,118564.1,107.49413587
2025-07-27 16:00:00+00:00,118564.2,119500.0,118564.2,119020.1,187.38450658
2025-07-27 20:00:00+00:00,119020.1,119793.4,118800.0,119455.0,104.12858798
2025-07-28 00:00:00+00:00,119455.1,119779.9,119034.8,119290.0,50.40776225
2025-07-28 04:00:00+00:00,119290.1,119671.8,118781.9,118897.3,71.55099513
2025-07-28 08:00:00+00:00,118897.3,119105.4,118547.2,118813.3,86.72509269
2025-07-28 12:00:00+00:00,118813.3,119022.5,117942.8,118183.1,201.51117596
2025-07-28 16:00:00+00:00,118183.2,118349.9,117425.9,118051.9,285.01043842
2025-07-28 20:00:00+00:00,118059.1,118294.5,117567.6,117979.7,147.28042762
2025-07-29 00:00:00+00:00,117979.7,118714.9,117500.0,118714.9,106.30141059
2025-07-29 04:00:00+00:00,118714.9,119200.0,118428.9,118885.3,89.38079677
2025-07-29 08:00:00+00:00,118885.3,119024.1,118223.5,118578.2,72.52343737
2025-07-29 12:00:00+00:00,118578.2,119000.0,117288.8,117428.3,188.87891377
2025-07-29 16:00:00+00:00,117428.3,117998.9,117000.0,117534.4,241.92320702
2025-07-29 20:00:00+00:00,117529.5,117923.0,117075.0,117923.0,193.94384558
2025-07-30 00:00:00+00:00,117916.9,118166.0,117469.8,118166.0,76.00658463
2025-07-30 04:00:00+00:00,118166.0,118359.3,117701.8,118105.5,94.28754319
2025-07-30 08:00:00+00:00,118105.5,118413.1,117400.0,117523.2,64.26969216
2025-07-30 12:00:00+00:00,117523.2,118749.4,117350.0,117957.9,143.73082463
2025-07-30 16:00:00+00:00,117957.9,117993.9,115800.0,116947.0,490.6144211
2025-07-30 20:00:00+00:00,116932.1,117895.2,116901.4,117820.7,144.33790275
2025-07-31 00:00:00+00:00,117820.7,118514.2,117820.6,118433.7,173.65454981
2025-07-31 04:00:00+00:00,118433.7,118918.9,118275.0,118632.8,139.5954664
2025-07-31 08:00:00+00:00,118632.8,118701.0,118334.2,118350.5,47.83529714
2025-07-31 12:00:00+00:00,118350.5,118632.3,117777.4,118277.5,169.15621874
2025-07-31 16:00:00+00:00,118277.5,118823.5,116800.0,116800.1,269.45357459
2025-07-31 20:00:00+00:00,116800.0,116890.3,115500.0,115762.3,286.86360981
2025-08-01 00:00:00+00:00,115762.4,116000.0,114305.0,115630.1,546.19490413
2025-08-01 04:00:00+00:00,115630.1,115837.1,114626.3,114969.9,130.61121919
2025-08-01 08:00:00+00:00,114969.9,115293.5,114166.0,115257.2,286.128879
2025-08-01 12:00:00+00:00,115257.2,115957.8,114000.0,115350.1,334.14882098
2025-08-01 16:00:00+00:00,115350.1,115666.3,113243.6,113243.7,459.73522341
2025-08-01 20:00:00+00:00,113244.3,114044.7,112688.1,113290.2,205.28773929
2025-08-02 00:00:00+00:00,113290.1,113849.9,113150.0,113849.9,89.46343194
2025-08-02 04:00:00+00:00,113849.9,114008.2,113475.0,113960.4,82.39233143
2025-08-02 08:00:00+00:00,113960.4,113984.4,113423.4,113721.9,114.81979154
2025-08-02 12:00:00+00:00,113721.9,113722.0,112810.3,112810.4,106.93014583
2025-08-02 16:00:00+00:00,112810.4,113332.2,112000.0,112187.6,392.99523693
2025-08-02 20:00:00+00:00,112197.1,113010.2,112052.3,112525.2,110.77059072
2025-08-03 00:00:00+00:00,112525.2,113701.4,111897.1,113579.9,107.77060934
2025-08-03 04:00:00+00:00,113580.3,113657.2,113333.1,113637.6,50.88964676
2025-08-03 08:00:00+00:00,113637.6,114254.2,113576.1,113866.7,120.85045215
2025-08-03 12:00:00+00:00,113866.7,114096.5,113645.0,113950.1,69.98588015
2025-08-03 16:00:00+00:00,113950.1,114742.9,113758.4,114284.9,166.79284692
2025-08-03 20:00:00+00:00,114285.0,114539.0,114100.0,114224.1,68.3056219
2025-08-04 00:00:00+00:00,114224.1,114999.0,114154.6,114632.2,68.27892242
2025-08-04 04:00:00+00:00,114632.3,114777.4,114180.3,114731.1,31.95565974
2025-08-04 08:00:00+00:00,114731.1,114762.4,114229.2,114487.8,188.4685053
2025-08-04 12:00:00+00:00,114487.8,115641.9,114137.1,114859.6,322.2861839
2025-08-04 16:00:00+00:00,114859.6,115700.0,114749.8,114749.8,147.78167734
2025-08-04 20:00:00+00:00,114749.9,115431.0,114621.8,115092.1,157.58485333
2025-08-05 00:00:00+00:00,115092.1,115092.1,114249.8,114277.8,75.89682464
2025-08-05 04:00:00+00:00,114277.8,114489.0,113700.0,113975.7,106.97622078
2025-08-05 08:00:00+00:00,113975.7,115066.1,113919.3,114814.1,117.97223833
2025-08-05 12:00:00+00:00,114814.1,114830.0,112629.7,112847.6,259.61406771
2025-08-05 16:00:00+00:00,112847.6,113726.4,112817.9,113612.6,138.08176869
2025-08-05 20:00:00+00:00,113612.6,114160.0,113327.6,114115.0,141.29890189
2025-08-06 00:00:00+00:00,114115.0,114122.0,113400.0,113506.6,51.54527168
2025-08-06 04:00:00+00:00,113506.6,114308.1,113400.0,114221.4,81.69256323
2025-08-06 08:00:00+00:00,114221.4,114300.0,113712.8,114183.8,123.92460872
2025-08-06 12:00:00+00:00,114183.8,115499.0,113598.6,115483.7,188.05441758
2025-08-06 16:00:00+00:00,115475.1,115713.6,114962.0,115220.6,219.22374534
2025-08-06 20:00:00+00:00,115220.6,115248.9,114860.0,115010.0,80.78542327
2025-08-07 00:00:00+00:00,115010.0,115128.4,114397.0,114593.1,47.08870077
2025-08-07 04:00:00+00:00,114593.1,114884.9,114280.0,114758.0,62.03139706
2025-08-07 08:00:00+00:00,114758.0,116805.7,114757.9,116575.0,253.61733537
2025-08-07 12:00:00+00:00,116575.0,116806.6,116053.0,116730.9,163.81896757
2025-08-07 16:00:00+00:00,116725.1,117544.5,115681.3,117512.4,247.26842601
2025-08-07 20:00:00+00:00,117512.4,117643.3,117092.4,117498.1,195.14176904
2025-08-08 00:00:00+00:00,117498.1,117663.0,116719.5,116812.0,153.4110768
2025-08-08 04:00:00+00:00,116812.1,116973.4,116399.9,116900.1,102.65511141
2025-08-08 08:00:00+00:00,116900.1,116952.8,116367.0,116931.4,50.67789915
2025-08-08 12:00:00+00:00,116931.4,117250.0,115946.0,116235.6,173.18439682
2025-08-08 16:00:00+00:00,116235.6,116889.9,116013.4,116459.4,119.87036167
2025-08-08 20:00:00+00:00,116459.4,116988.1,116358.0,116676.0,39.25211158
2025-08-09 00:00:00+00:00,116676.0,116733.1,116400.0,116400.2,33.59455256
2025-08-09 04:00:00+00:00,116400.2,116949.5,116400.0,116763.2,57.38494915
2025-08-09 08:00:00+00:00,116763.3,117869.4,116763.2,117114.5,156.93250493
2025-08-09 12:00:00+00:00,117120.2,117230.0,116735.2,116882.5,76.56222533
2025-08-09 16:00:00+00:00,116882.6,116961.4,116565.2,116587.6,66.72777553
2025-08-09 20:00:00+00:00,116587.6,116969.0,116282.1,116467.4,307.26156598
2025-08-10 00:00:00+00:00,116467.4,118480.0,116467.3,118449.9,188.22272
2025-08-10 04:00:00+00:00,118450.0,118703.3,117491.5,117790.9,210.67390449
2025-08-10 08:00:00+00:00,117790.9,118479.8,117656.1,118369.1,135.54833356
2025-08-10 12:00:00+00:00,118369.1,119091.0,118287.5,118802.9,246.88250521
2025-08-10 16:00:00+00:00,118802.9,118912.4,118425.5,118657.6,81.16260726
2025-08-10 20:00:00+00:00,118657.7,119288.4,118041.7,119288.4,280.54805592
2025-08-11 00:00:00+00:00,119288.4,122168.6,119004.2,121710.2,651.08508315
2025-08-11 04:00:00+00:00,121710.2,122273.5,121465.9,121466.3,349.03963502
2025-08-11 08:00:00+00:00,121466.4,121748.6,120327.3,120579.4,238.24758961
2025-08-11 12:00:00+00:00,120579.4,120579.4,119400.1,120287.5,349.95360433
2025-08-11 16:00:00+00:00,120287.6,120750.0,118600.0,119066.2,273.49464537
2025-08-11 20:00:00+00:00,119066.2,119170.3,118100.0,118724.5,221.62658357
2025-08-12 00:00:00+00:00,118724.5,119206.4,118661.0,118807.7,73.47623437
2025-08-12 04:00:00+00:00,118807.7,119128.7,118500.0,118975.1,150.08525956
2025-08-12 08:00:00+00:00,118975.1,119002.8,118255.0,118510.5,78.22329563
2025-08-12 12:00:00+00:00,118510.5,119950.0,118255.6,119919.4,423.34718327
2025-08-12 16:00:00+00:00,119919.5,120154.2,119206.4,119662.6,187.87889353
2025-08-12 20:00:00+00:00,119662.6,120303.2,119522.1,120172.0,201.86461722
2025-08-13 00:00:00+00:00,120172.1,120172.1,119020.9,119475.0,246.60663863
2025-08-13 04:00:00+00:00,119475.1,119761.9,118918.3,119618.0,143.67951509
2025-08-13 08:00:00+00:00,119618.0,120705.0,119534.0,120620.1,330.47014808
2025-08-13 12:00:00+00:00,120620.1,122200.0,120110.0,120929.3,738.64476114
2025-08-13 16:00:00+00:00,120927.2,122817.3,120927.2,122806.8,402.68190467
2025-08-13 20:00:00+00:00,122806.9,123724.7,122401.1,123354.3,802.3406028
2025-08-14 00:00:00+00:00,123354.3,124420.0,123327.0,123379.4,326.90882955
2025-08-14 04:00:00+00:00,123376.3,123424.9,121371.4,121862.5,363.34527821
2025-08-14 08:00:00+00:00,121862.5,122068.0,120686.0,120895.6,315.15580378
2025-08-14 12:00:00+00:00,120895.6,121187.5,117769.9,118317.7,1613.38086461
2025-08-14 16:00:00+00:00,118317.7,118527.0,117250.0,118031.4,559.10382682
2025-08-14 20:00:00+00:00,118031.4,118600.2,117406.8,118383.1,279.69642121
2025-08-15 00:00:00+00:00,118383.1,119149.2,118145.1,119078.3,87.08210209
2025-08-15 04:00:00+00:00,119078.4,119312.7,116560.9,119025.9,505.59636761
2025-08-15 08:00:00+00:00,119037.4,119242.7,118706.0,119087.5,87.49463299
2025-08-15 12:00:00+00:00,119087.5,119140.7,116900.1,117322.9,286.47547781
2025-08-15 16:00:00+00:00,117322.9,117930.9,116855.4,116975.1,224.29947951
2025-08-15 20:00:00+00:00,116975.1,117837.5,116975.0,117426.7,90.04131195
2025-08-16 00:00:00+00:00,117426.7,117915.8,117379.7,117524.9,87.23299233
2025-08-16 04:00:00+00:00,117524.9,117947.4,117425.1,117700.0,36.63127453
2025-08-16 08:00:00+00:00,117700.1,117738.4,117284.0,117501.0,39.80515505
2025-08-16 12:00:00+00:00,117501.0,117869.5,117496.3,117774.4,61.57483458
2025-08-16 16:00:00+00:00,117774.5,117879.9,117716.1,117734.3,69.04619933
2025-08-16 20:00:00+00:00,117734.3,117777.3,117340.2,117487.5,31.23543926
2025-08-17 00:00:00+00:00,117487.5,117818.3,117295.3,117746.3,36.88459773
2025-08-17 04:00:00+00:00,117746.3,118264.9,117744.8,118025.9,69.2019764
2025-08-17 08:00:00+00:00,118025.9,118500.0,118004.5,118382.5,61.67936817
2025-08-17 12:00:00+00:00,118382.5,118550.2,118145.8,118293.9,142.20032003
2025-08-17 16:00:00+00:00,118294.0,118359.0,117394.0,117638.9,83.1321635
2025-08-17 20:00:00+00:00,117638.9,118021.2,117441.2,117441.3,48.28357661
2025-08-18 00:00:00+00:00,117441.3,117593.3,115064.5,115411.5,358.57557504
2025-08-18 04:00:00+00:00,115411.5,115766.8,115000.0,115290.1,278.50106346
2025-08-18 08:00:00+00:00,115290.1,115441.6,114715.9,115034.9,110.39684934
2025-08-18 12:00:00+00:00,115034.9,116224.4,114884.8,116207.8,257.60954892
2025-08-18 16:00:00+00:00,116207.8,116850.0,115893.8,116362.4,175.32928388
2025-08-18 20:00:00+00:00,116362.4,116995.6,116055.7,116260.0,90.26807133
2025-08-19 00:00:00+00:00,116259.9,116766.0,114866.4,114889.4,278.47830451
2025-08-19 04:00:00+00:00,114889.4,115517.8,114500.0,115024.9,188.83488076
2025-08-19 08:00:00+00:00,115024.9,115647.9,114837.8,115622.8,117.29924929
2025-08-19 12:00:00+00:00,115622.8,115900.0,113530.0,113770.1,517.29524546
2025-08-19 16:00:00+00:00,113770.1,113832.0,112771.8,113094.0,336.57554733
2025-08-19 20:00:00+00:00,113094.1,113535.0,112750.0,112830.3,135.54012473
2025-08-20 00:00:00+00:00,112830.4,113566.7,112610.0,113544.6,121.01580669
2025-08-20 04:00:00+00:00,113544.7,113787.5,113438.3,113444.7,59.05436853
2025-08-20 08:00:00+00:00,113444.7,113947.6,113116.6,113628.5,188.21138889
2025-08-20 12:00:00+00:00,113628.5,114287.4,112400.0,113365.5,492.80540103
2025-08-20 16:00:00+00:00,113365.5,114446.1,113308.7,114312.6,284.01135438
2025-08-20 20:00:00+00:00,114307.7,114612.1,114011.0,114262.7,106.32921392
2025-08-21 00:00:00+00:00,114273.8,114738.6,113918.0,114000.1,101.61392045
2025-08-21 04:00:00+00:00,114000.1,114000.1,113634.8,113884.3,56.71700218
2025-08-21 08:00:00+00:00,113884.3,113905.0,113035.2,113149.8,71.08130531
2025-08-21 12:00:00+00:00,113149.8,113961.3,112610.0,112765.1,130.73365774
2025-08-21 16:00:00+00:00,112765.1,112896.3,112036.0,112132.5,276.3925388
2025-08-21 20:00:00+00:00,112132.5,112775.0,112100.0,112462.5,130.59966648
2025-08-22 00:00:00+00:00,112475.0,113456.7,112357.6,112887.3,76.9669119
2025-08-22 04:00:00+00:00,112887.3,113282.2,112683.3,113126.0,65.75898514
2025-08-22 08:00:00+00:00,113126.0,113274.9,112156.8,112280.5,80.4525932
2025-08-22 12:00:00+00:00,112280.5,117284.5,111676.0,116362.5,897.04027469
2025-08-22 16:00:00+00:00,116362.6,117354.0,116088.7,116586.7,401.46988751
2025-08-22 20:00:00+00:00,116586.7,117130.0,116517.9,116817.9,178.89734309
2025-08-23 00:00:00+00:00,116817.9,116975.0,115490.1,115516.2,126.46977879
2025-08-23 04:00:00+00:00,115516.2,115938.2,115516.1,115766.1,87.34373642
2025-08-23 08:00:00+00:00,115766.1,115799.0,115176.6,115176.7,52.13192208
2025-08-23 12:00:00+00:00,115176.7,115411.6,114551.1,114800.1,195.72893654
2025-08-23 16:00:00+00:00,114800.1,115142.2,114700.0,115055.4,126.56134337
2025-08-23 20:00:00+00:00,115055.4,115344.1,115002.9,115344.1,96.50749063
2025-08-24 00:00:00+00:00,115344.1,115530.9,114903.9,115030.1,63.65585418
2025-08-24 04:00:00+00:00,115030.1,115217.9,114800.0,114890.1,73.84387964
2025-08-24 08:00:00+00:00,114890.2,114954.3,114550.0,114664.1,56.93660953
2025-08-24 12:00:00+00:00,114664.1,114800.0,114340.6,114400.1,93.52882094
2025-08-24 16:00:00+00:00,114400.1,114842.8,110692.2,112559.2,639.77791669
2025-08-24 20:00:00+00:00,112559.3,113636.6,111724.1,113456.1,317.38617805
2025-08-25 00:00:00+00:00,113456.1,113619.8,112184.7,112926.9,203.08597893
2025-08-25 04:00:00+00:00,112926.9,112986.2,111347.1,111450.1,345.72240684
2025-08-25 08:00:00+00:00,111469.1,111767.3,110912.5,111230.1,349.34479827
2025-08-25 12:00:00+00:00,111230.1,112547.9,110584.2,112204.0,362.68803085
2025-08-25 16:00:00+00:00,112204.1,112872.6,110662.6,110673.2,258.65181082
2025-08-25 20:00:00+00:00,110673.2,111064.7,109304.8,110144.9,998.99135562
2025-08-26 00:00:00+00:00,110145.0,110145.0,108734.6,109883.0,336.85450618
2025-08-26 04:00:00+00:00,109883.1,110491.9,109775.0,110315.0,109.23693908
2025-08-26 08:00:00+00:00,110315.0,110455.7,109629.5,109842.3,146.1168394
2025-08-26 12:00:00+00:00,109842.3,110762.4,109389.8,109670.1,320.6312012
2025-08-26 16:00:00+00:00,109670.1,111130.2,109525.0,111128.4,244.61781875
2025-08-26 20:00:00+00:00,111128.5,112395.6,110935.1,111829.3,182.63694958
2025-08-27 00:00:00+00:00,111829.3,111829.3,110968.3,111462.6,140.73550192
2025-08-27 04:00:00+00:00,111462.6,111662.0,110607.4,110674.4,154.11026122
2025-08-27 08:00:00+00:00,110674.5,111365.3,110434.3,111340.0,100.51233244
2025-08-27 12:00:00+00:00,111340.1,112603.4,111050.0,112022.4,243.7005734
2025-08-27 16:00:00+00:00,112022.4,112600.0,111600.0,112060.2,178.91474244
2025-08-27 20:00:00+00:00,112060.2,112388.0,111000.0,111268.6,289.10260894
2025-08-28 00:00:00+00:00,111268.6,112000.0,110902.6,111986.3,97.829793
2025-08-28 04:00:00+00:00,111986.4,113200.0,111986.3,113199.9,214.40898337
2025-08-28 08:00:00+00:00,113199.9,113321.4,112852.5,112924.6,172.46095615
2025-08-28 12:00:00+00:00,112924.6,113457.9,112412.5,112650.0,277.47322726
2025-08-28 16:00:00+00:00,112650.0,113204.3,111900.0,111900.1,291.78916204
2025-08-28 20:00:00+00:00,111905.8,112563.7,111809.8,112563.7,268.39452849
2025-08-29 00:00:00+00:00,112563.7,112570.0,111370.4,111778.0,111.7528859
2025-08-29 04:00:00+00:00,111778.1,111855.3,109898.7,110012.6,368.94328396
2025-08-29 08:00:00+00:00,110012.6,110274.2,109422.5,110091.0,320.62407214
2025-08-29 12:00:00+00:00,110091.0,111490.4,108150.0,108437.4,478.34674842
2025-08-29 16:00:00+00:00,108437.4,108842.5,107919.6,108225.1,228.67928404
2025-08-29 20:00:00+00:00,108225.1,108537.5,107505.0,108400.1,201.46694197
2025-08-30 00:00:00+00:00,108400.1,108400.1,107352.6,108387.4,178.56690307
2025-08-30 04:00:00+00:00,108387.4,108642.0,108195.0,108499.9,140.68921018
2025-08-30 08:00:00+00:00,108499.9,108700.1,108442.3,108641.2,173.16270933
2025-08-30 12:00:00+00:00,108641.2,108926.8,108229.7,108850.1,147.84554264
2025-08-30 16:00:00+00:00,108850.1,108900.0,108624.3,108837.5,146.1532991
2025-08-30 20:00:00+00:00,108837.6,108837.6,108487.5,108750.0,33.15711807
2025-08-31 00:00:00+00:00,108750.0,109490.8,108749.9,109220.5,150.33606812
2025-08-31 04:00:00+00:00,109220.6,109237.6,108576.9,108710.0,111.36216662
2025-08-31 08:00:00+00:00,108710.0,109098.5,108321.3,108400.1,80.85468306
2025-08-31 12:00:00+00:00,108400.1,108777.0,108200.0,108777.0,98.80448302
2025-08-31 16:00:00+00:00,108777.0,109150.0,108597.4,108921.0,98.1340714
2025-08-31 20:00:00+00:00,108921.0,109182.6,108113.5,108250.0,129.22473904
2025-09-01 00:00:00+00:00,108250.1,108412.3,107453.1,107664.1,215.81887333
2025-09-01 04:00:00+00:00,107664.2,109355.0,107255.0,109355.0,164.70477435
2025-09-01 08:00:00+00:00,109357.2,109813.2,108217.4,108805.8,436.02535802
2025-09-01 12:00:00+00:00,108805.8,109517.2,108620.7,108745.0,114.43633272
2025-09-01 16:00:00+00:00,108745.0,109319.7,108464.4,109210.1,83.46941382
2025-09-01 20:00:00+00:00,109210.1,109366.1,107500.0,109263.5,312.85769617
2025-09-02 00:00:00+00:00,109258.5,110523.4,108888.4,110350.1,222.28008224
2025-09-02 04:00:00+00:00,110350.2,110584.2,110065.5,110182.9,250.3358128
2025-09-02 08:00:00+00:00,110183.0,110761.3,109651.0,109737.1,172.25825061
2025-09-02 12:00:00+00:00,109737.6,111737.8,108457.0,110753.3,661.85838295
2025-09-02 16:00:00+00:00,110753.4,111108.9,110192.4,110792.7,278.65738947
2025-09-02 20:00:00+00:00,110792.7,111499.5,110753.7,111196.9,211.34879699
2025-09-03 00:00:00+00:00,111196.9,111702.7,110917.1,111078.1,160.69587604
2025-09-03 04:00:00+00:00,111078.1,111092.5,110600.0,111046.5,130.82231745
2025-09-03 08:00:00+00:00,111046.5,111655.6,110947.5,111490.1,80.47580301
2025-09-03 12:00:00+00:00,111490.1,112500.0,111116.2,112246.3,594.60860735
2025-09-03 16:00:00+00:00,112246.3,112537.6,111780.8,112232.2,231.71199697
2025-09-03 20:00:00+00:00,112232.2,112286.6,111700.0,111771.1,261.52441131
2025-09-04 00:00:00+00:00,111771.1,112193.7,111174.7,111175.1,68.55693462
2025-09-04 04:00:00+00:00,111175.1,111312.5,110353.7,110512.9,103.99634103
2025-09-04 08:00:00+00:00,110512.5,111111.0,110450.3,110837.6,130.42125981
2025-09-04 12:00:00+00:00,110837.6,111111.0,109374.0,109525.2,376.91888199
2025-09-04 16:00:00+00:00,109525.2,110209.3,109369.8,109846.7,131.12494689
2025-09-04 20:00:00+00:00,109846.7,111685.5,109836.7,110744.3,247.25101655
2025-09-05 00:00:00+00:00,110744.4,111462.3,110434.4,111308.5,94.05551026
2025-09-05 04:00:00+00:00,111308.5,112994.5,111172.1,112974.6,222.06790472
2025-09-05 08:00:00+00:00,112974.6,112974.7,112147.8,112320.0,138.6096183
2025-09-05 12:00:00+00:00,112320.0,113372.1,110322.6,110714.2,557.90449901
2025-09-05 16:00:00+00:00,110715.3,111566.4,110231.4,111566.3,352.37803177
2025-09-05 20:00:00+00:00,111566.4,111620.0,110434.3,110647.8,169.27036215
2025-09-06 00:00:00+00:00,110647.8,111243.0,110566.9,111053.2,67.02316074
2025-09-06 04:00:00+00:00,111053.2,111053.4,110727.0,110825.1,31.0741146
2025-09-06 08:00:00+00:00,110825.1,110923.7,110717.5,110778.9,53.94244562
2025-09-06 12:00:00+00:00,110778.9,110984.4,110409.6,110442.0,37.62458703
2025-09-06 16:00:00+00:00,110442.1,110442.1,110036.7,110039.9,61.11935489
2025-09-06 20:00:00+00:00,110040.0,110311.3,110039.9,110254.9,27.78372312
2025-09-07 00:00:00+00:00,110254.9,110699.6,110239.0,110636.8,28.02501103
2025-09-07 04:00:00+00:00,110636.8,110862.3,110530.2,110752.9,24.54383171
2025-09-07 08:00:00+00:00,110752.9,111312.4,110752.8,111227.6,76.68147511
2025-09-07 12:00:00+00:00,111227.6,111344.4,111089.7,111309.7,80.01219055
2025-09-07 16:00:00+00:00,111309.7,111339.4,111078.4,111078.5,11.88235692
