timestamp,lq_flag
2023-08-09 00:00:00+0000,NORMAL
2023-08-09 04:00:00+0000,NORMAL
2023-08-09 08:00:00+0000,NORMAL
2023-08-09 12:00:00+0000,NORMAL
2023-08-09 16:00:00+0000,NORMAL
2023-08-09 20:00:00+0000,NORMAL
2023-08-10 00:00:00+0000,NORMAL
2023-08-10 04:00:00+0000,NORMAL
2023-08-10 08:00:00+0000,NORMAL
2023-08-10 12:00:00+0000,NORMAL
2023-08-10 16:00:00+0000,NORMAL
2023-08-10 20:00:00+0000,NORMAL
2023-08-11 00:00:00+0000,NORMAL
2023-08-11 04:00:00+0000,NORMAL
2023-08-11 08:00:00+0000,NORMAL
2023-08-11 12:00:00+0000,NORMAL
2023-08-11 16:00:00+0000,NORMAL
2023-08-11 20:00:00+0000,NORMAL
2023-08-12 00:00:00+0000,NORMAL
2023-08-12 04:00:00+0000,NORMAL
2023-08-12 08:00:00+0000,NORMAL
2023-08-12 12:00:00+0000,NORMAL
2023-08-12 16:00:00+0000,NORMAL
2023-08-12 20:00:00+0000,NORMAL
2023-08-13 00:00:00+0000,NORMAL
2023-08-13 04:00:00+0000,NORMAL
2023-08-13 08:00:00+0000,NORMAL
2023-08-13 12:00:00+0000,NORMAL
2023-08-13 16:00:00+0000,NORMAL
2023-08-13 20:00:00+0000,NORMAL
2023-08-14 00:00:00+0000,NORMAL
2023-08-14 04:00:00+0000,NORMAL
2023-08-14 08:00:00+0000,NORMAL
2023-08-14 12:00:00+0000,NORMAL
2023-08-14 16:00:00+0000,NORMAL
2023-08-14 20:00:00+0000,NORMAL
2023-08-15 00:00:00+0000,NORMAL
2023-08-15 04:00:00+0000,NORMAL
2023-08-15 08:00:00+0000,NORMAL
2023-08-15 12:00:00+0000,NORMAL
2023-08-15 16:00:00+0000,NORMAL
2023-08-15 20:00:00+0000,NORMAL
2023-08-16 00:00:00+0000,NORMAL
2023-08-16 04:00:00+0000,NORMAL
2023-08-16 08:00:00+0000,NORMAL
2023-08-16 12:00:00+0000,NORMAL
2023-08-16 16:00:00+0000,NORMAL
2023-08-16 20:00:00+0000,NORMAL
2023-08-17 00:00:00+0000,NORMAL
2023-08-17 04:00:00+0000,NORMAL
2023-08-17 08:00:00+0000,NORMAL
2023-08-17 12:00:00+0000,NORMAL
2023-08-17 16:00:00+0000,NORMAL
2023-08-17 20:00:00+0000,NORMAL
2023-08-18 00:00:00+0000,NORMAL
2023-08-18 04:00:00+0000,NORMAL
2023-08-18 08:00:00+0000,NORMAL
2023-08-18 12:00:00+0000,NORMAL
2023-08-18 16:00:00+0000,NORMAL
2023-08-18 20:00:00+0000,NORMAL
2023-08-19 00:00:00+0000,NORMAL
2023-08-19 04:00:00+0000,NORMAL
2023-08-19 08:00:00+0000,NORMAL
2023-08-19 12:00:00+0000,NORMAL
2023-08-19 16:00:00+0000,NORMAL
2023-08-19 20:00:00+0000,NORMAL
2023-08-20 00:00:00+0000,NORMAL
2023-08-20 04:00:00+0000,NORMAL
2023-08-20 08:00:00+0000,NORMAL
2023-08-20 12:00:00+0000,NORMAL
2023-08-20 16:00:00+0000,NORMAL
2023-08-20 20:00:00+0000,NORMAL
2023-08-21 00:00:00+0000,NORMAL
2023-08-21 04:00:00+0000,NORMAL
2023-08-21 08:00:00+0000,NORMAL
2023-08-21 12:00:00+0000,NORMAL
2023-08-21 16:00:00+0000,NORMAL
2023-08-21 20:00:00+0000,NORMAL
2023-08-22 00:00:00+0000,NORMAL
2023-08-22 04:00:00+0000,NORMAL
2023-08-22 08:00:00+0000,NORMAL
2023-08-22 12:00:00+0000,NORMAL
2023-08-22 16:00:00+0000,NORMAL
2023-08-22 20:00:00+0000,NORMAL
2023-08-23 00:00:00+0000,NORMAL
2023-08-23 04:00:00+0000,NORMAL
2023-08-23 08:00:00+0000,NORMAL
2023-08-23 12:00:00+0000,NORMAL
2023-08-23 16:00:00+0000,NORMAL
2023-08-23 20:00:00+0000,NORMAL
2023-08-24 00:00:00+0000,NORMAL
2023-08-24 04:00:00+0000,NORMAL
2023-08-24 08:00:00+0000,NORMAL
2023-08-24 12:00:00+0000,NORMAL
2023-08-24 16:00:00+0000,NORMAL
2023-08-24 20:00:00+0000,NORMAL
2023-08-25 00:00:00+0000,NORMAL
2023-08-25 04:00:00+0000,NORMAL
2023-08-25 08:00:00+0000,NORMAL
2023-08-25 12:00:00+0000,NORMAL
2023-08-25 16:00:00+0000,NORMAL
2023-08-25 20:00:00+0000,NORMAL
2023-08-26 00:00:00+0000,NORMAL
2023-08-26 04:00:00+0000,NORMAL
2023-08-26 08:00:00+0000,NORMAL
2023-08-26 12:00:00+0000,NORMAL
2023-08-26 16:00:00+0000,NORMAL
2023-08-26 20:00:00+0000,NORMAL
2023-08-27 00:00:00+0000,NORMAL
2023-08-27 04:00:00+0000,NORMAL
2023-08-27 08:00:00+0000,NORMAL
2023-08-27 12:00:00+0000,NORMAL
2023-08-27 16:00:00+0000,NORMAL
2023-08-27 20:00:00+0000,NORMAL
2023-08-28 00:00:00+0000,NORMAL
2023-08-28 04:00:00+0000,NORMAL
2023-08-28 08:00:00+0000,NORMAL
2023-08-28 12:00:00+0000,NORMAL
2023-08-28 16:00:00+0000,NORMAL
2023-08-28 20:00:00+0000,NORMAL
2023-08-29 00:00:00+0000,NORMAL
2023-08-29 04:00:00+0000,NORMAL
2023-08-29 08:00:00+0000,NORMAL
2023-08-29 12:00:00+0000,NORMAL
2023-08-29 16:00:00+0000,NORMAL
2023-08-29 20:00:00+0000,NORMAL
2023-08-30 00:00:00+0000,NORMAL
2023-08-30 04:00:00+0000,NORMAL
2023-08-30 08:00:00+0000,NORMAL
2023-08-30 12:00:00+0000,NORMAL
2023-08-30 16:00:00+0000,NORMAL
2023-08-30 20:00:00+0000,NORMAL
2023-08-31 00:00:00+0000,NORMAL
2023-08-31 04:00:00+0000,NORMAL
2023-08-31 08:00:00+0000,NORMAL
2023-08-31 12:00:00+0000,NORMAL
2023-08-31 16:00:00+0000,NORMAL
2023-08-31 20:00:00+0000,NORMAL
2023-09-01 00:00:00+0000,NORMAL
2023-09-01 04:00:00+0000,NORMAL
2023-09-01 08:00:00+0000,NORMAL
2023-09-01 12:00:00+0000,NORMAL
2023-09-01 16:00:00+0000,NORMAL
2023-09-01 20:00:00+0000,NORMAL
2023-09-02 00:00:00+0000,NORMAL
2023-09-02 04:00:00+0000,NORMAL
2023-09-02 08:00:00+0000,NORMAL
2023-09-02 12:00:00+0000,NORMAL
2023-09-02 16:00:00+0000,NORMAL
2023-09-02 20:00:00+0000,NORMAL
2023-09-03 00:00:00+0000,NORMAL
2023-09-03 04:00:00+0000,NORMAL
2023-09-03 08:00:00+0000,NORMAL
2023-09-03 12:00:00+0000,NORMAL
2023-09-03 16:00:00+0000,NORMAL
2023-09-03 20:00:00+0000,NORMAL
2023-09-04 00:00:00+0000,NORMAL
2023-09-04 04:00:00+0000,NORMAL
2023-09-04 08:00:00+0000,NORMAL
2023-09-04 12:00:00+0000,NORMAL
2023-09-04 16:00:00+0000,NORMAL
2023-09-04 20:00:00+0000,NORMAL
2023-09-05 00:00:00+0000,NORMAL
2023-09-05 04:00:00+0000,NORMAL
2023-09-05 08:00:00+0000,NORMAL
2023-09-05 12:00:00+0000,NORMAL
2023-09-05 16:00:00+0000,NORMAL
2023-09-05 20:00:00+0000,NORMAL
2023-09-06 00:00:00+0000,NORMAL
2023-09-06 04:00:00+0000,NORMAL
2023-09-06 08:00:00+0000,NORMAL
2023-09-06 12:00:00+0000,NORMAL
2023-09-06 16:00:00+0000,NORMAL
2023-09-06 20:00:00+0000,NORMAL
2023-09-07 00:00:00+0000,NORMAL
2023-09-07 04:00:00+0000,NORMAL
2023-09-07 08:00:00+0000,NORMAL
2023-09-07 12:00:00+0000,NORMAL
2023-09-07 16:00:00+0000,NORMAL
2023-09-07 20:00:00+0000,NORMAL
2023-09-08 00:00:00+0000,NORMAL
2023-09-08 04:00:00+0000,NORMAL
2023-09-08 08:00:00+0000,NORMAL
2023-09-08 12:00:00+0000,NORMAL
2023-09-08 16:00:00+0000,NORMAL
2023-09-08 20:00:00+0000,NORMAL
2023-09-09 00:00:00+0000,NORMAL
2023-09-09 04:00:00+0000,NORMAL
2023-09-09 08:00:00+0000,NORMAL
2023-09-09 12:00:00+0000,NORMAL
2023-09-09 16:00:00+0000,NORMAL
2023-09-09 20:00:00+0000,NORMAL
2023-09-10 00:00:00+0000,NORMAL
2023-09-10 04:00:00+0000,NORMAL
2023-09-10 08:00:00+0000,NORMAL
2023-09-10 12:00:00+0000,NORMAL
2023-09-10 16:00:00+0000,NORMAL
2023-09-10 20:00:00+0000,NORMAL
2023-09-11 00:00:00+0000,NORMAL
2023-09-11 04:00:00+0000,NORMAL
2023-09-11 08:00:00+0000,NORMAL
2023-09-11 12:00:00+0000,NORMAL
2023-09-11 16:00:00+0000,NORMAL
2023-09-11 20:00:00+0000,NORMAL
2023-09-12 00:00:00+0000,NORMAL
2023-09-12 04:00:00+0000,NORMAL
2023-09-12 08:00:00+0000,NORMAL
2023-09-12 12:00:00+0000,NORMAL
2023-09-12 16:00:00+0000,NORMAL
2023-09-12 20:00:00+0000,NORMAL
2023-09-13 00:00:00+0000,NORMAL
2023-09-13 04:00:00+0000,NORMAL
2023-09-13 08:00:00+0000,NORMAL
2023-09-13 12:00:00+0000,NORMAL
2023-09-13 16:00:00+0000,NORMAL
2023-09-13 20:00:00+0000,NORMAL
2023-09-14 00:00:00+0000,NORMAL
2023-09-14 04:00:00+0000,NORMAL
2023-09-14 08:00:00+0000,NORMAL
2023-09-14 12:00:00+0000,NORMAL
2023-09-14 16:00:00+0000,NORMAL
2023-09-14 20:00:00+0000,NORMAL
2023-09-15 00:00:00+0000,NORMAL
2023-09-15 04:00:00+0000,NORMAL
2023-09-15 08:00:00+0000,NORMAL
2023-09-15 12:00:00+0000,NORMAL
2023-09-15 16:00:00+0000,NORMAL
2023-09-15 20:00:00+0000,NORMAL
2023-09-16 00:00:00+0000,NORMAL
2023-09-16 04:00:00+0000,NORMAL
2023-09-16 08:00:00+0000,NORMAL
2023-09-16 12:00:00+0000,NORMAL
2023-09-16 16:00:00+0000,NORMAL
2023-09-16 20:00:00+0000,NORMAL
2023-09-17 00:00:00+0000,NORMAL
2023-09-17 04:00:00+0000,NORMAL
2023-09-17 08:00:00+0000,NORMAL
2023-09-17 12:00:00+0000,NORMAL
2023-09-17 16:00:00+0000,NORMAL
2023-09-17 20:00:00+0000,NORMAL
2023-09-18 00:00:00+0000,NORMAL
2023-09-18 04:00:00+0000,NORMAL
2023-09-18 08:00:00+0000,NORMAL
2023-09-18 12:00:00+0000,NORMAL
2023-09-18 16:00:00+0000,NORMAL
2023-09-18 20:00:00+0000,NORMAL
2023-09-19 00:00:00+0000,NORMAL
2023-09-19 04:00:00+0000,NORMAL
2023-09-19 08:00:00+0000,NORMAL
2023-09-19 12:00:00+0000,NORMAL
2023-09-19 16:00:00+0000,NORMAL
2023-09-19 20:00:00+0000,NORMAL
2023-09-20 00:00:00+0000,NORMAL
2023-09-20 04:00:00+0000,NORMAL
2023-09-20 08:00:00+0000,NORMAL
2023-09-20 12:00:00+0000,NORMAL
2023-09-20 16:00:00+0000,NORMAL
2023-09-20 20:00:00+0000,NORMAL
2023-09-21 00:00:00+0000,NORMAL
2023-09-21 04:00:00+0000,NORMAL
2023-09-21 08:00:00+0000,NORMAL
2023-09-21 12:00:00+0000,NORMAL
2023-09-21 16:00:00+0000,NORMAL
2023-09-21 20:00:00+0000,NORMAL
2023-09-22 00:00:00+0000,NORMAL
2023-09-22 04:00:00+0000,NORMAL
2023-09-22 08:00:00+0000,NORMAL
2023-09-22 12:00:00+0000,NORMAL
2023-09-22 16:00:00+0000,NORMAL
2023-09-22 20:00:00+0000,NORMAL
2023-09-23 00:00:00+0000,NORMAL
2023-09-23 04:00:00+0000,NORMAL
2023-09-23 08:00:00+0000,NORMAL
2023-09-23 12:00:00+0000,NORMAL
2023-09-23 16:00:00+0000,NORMAL
2023-09-23 20:00:00+0000,NORMAL
2023-09-24 00:00:00+0000,NORMAL
2023-09-24 04:00:00+0000,NORMAL
2023-09-24 08:00:00+0000,NORMAL
2023-09-24 12:00:00+0000,NORMAL
2023-09-24 16:00:00+0000,NORMAL
2023-09-24 20:00:00+0000,NORMAL
2023-09-25 00:00:00+0000,NORMAL
2023-09-25 04:00:00+0000,NORMAL
2023-09-25 08:00:00+0000,NORMAL
2023-09-25 12:00:00+0000,NORMAL
2023-09-25 16:00:00+0000,NORMAL
2023-09-25 20:00:00+0000,NORMAL
2023-09-26 00:00:00+0000,NORMAL
2023-09-26 04:00:00+0000,NORMAL
2023-09-26 08:00:00+0000,NORMAL
2023-09-26 12:00:00+0000,NORMAL
2023-09-26 16:00:00+0000,NORMAL
2023-09-26 20:00:00+0000,NORMAL
2023-09-27 00:00:00+0000,NORMAL
2023-09-27 04:00:00+0000,NORMAL
2023-09-27 08:00:00+0000,NORMAL
2023-09-27 12:00:00+0000,NORMAL
2023-09-27 16:00:00+0000,NORMAL
2023-09-27 20:00:00+0000,NORMAL
2023-09-28 00:00:00+0000,NORMAL
2023-09-28 04:00:00+0000,NORMAL
2023-09-28 08:00:00+0000,NORMAL
2023-09-28 12:00:00+0000,NORMAL
2023-09-28 16:00:00+0000,NORMAL
2023-09-28 20:00:00+0000,NORMAL
2023-09-29 00:00:00+0000,NORMAL
2023-09-29 04:00:00+0000,NORMAL
2023-09-29 08:00:00+0000,NORMAL
2023-09-29 12:00:00+0000,NORMAL
2023-09-29 16:00:00+0000,NORMAL
2023-09-29 20:00:00+0000,NORMAL
2023-09-30 00:00:00+0000,NORMAL
2023-09-30 04:00:00+0000,NORMAL
2023-09-30 08:00:00+0000,NORMAL
2023-09-30 12:00:00+0000,NORMAL
2023-09-30 16:00:00+0000,NORMAL
2023-09-30 20:00:00+0000,NORMAL
2023-10-01 00:00:00+0000,NORMAL
2023-10-01 04:00:00+0000,NORMAL
2023-10-01 08:00:00+0000,NORMAL
2023-10-01 12:00:00+0000,NORMAL
2023-10-01 16:00:00+0000,NORMAL
2023-10-01 20:00:00+0000,NORMAL
2023-10-02 00:00:00+0000,NORMAL
2023-10-02 04:00:00+0000,NORMAL
2023-10-02 08:00:00+0000,NORMAL
2023-10-02 12:00:00+0000,NORMAL
2023-10-02 16:00:00+0000,NORMAL
2023-10-02 20:00:00+0000,NORMAL
2023-10-03 00:00:00+0000,NORMAL
2023-10-03 04:00:00+0000,NORMAL
2023-10-03 08:00:00+0000,NORMAL
2023-10-03 12:00:00+0000,NORMAL
2023-10-03 16:00:00+0000,NORMAL
2023-10-03 20:00:00+0000,NORMAL
2023-10-04 00:00:00+0000,NORMAL
2023-10-04 04:00:00+0000,NORMAL
2023-10-04 08:00:00+0000,NORMAL
2023-10-04 12:00:00+0000,NORMAL
2023-10-04 16:00:00+0000,NORMAL
2023-10-04 20:00:00+0000,NORMAL
2023-10-05 00:00:00+0000,NORMAL
2023-10-05 04:00:00+0000,NORMAL
2023-10-05 08:00:00+0000,NORMAL
2023-10-05 12:00:00+0000,NORMAL
2023-10-05 16:00:00+0000,NORMAL
2023-10-05 20:00:00+0000,NORMAL
2023-10-06 00:00:00+0000,NORMAL
2023-10-06 04:00:00+0000,NORMAL
2023-10-06 08:00:00+0000,NORMAL
2023-10-06 12:00:00+0000,NORMAL
2023-10-06 16:00:00+0000,NORMAL
2023-10-06 20:00:00+0000,NORMAL
2023-10-07 00:00:00+0000,NORMAL
2023-10-07 04:00:00+0000,NORMAL
2023-10-07 08:00:00+0000,NORMAL
2023-10-07 12:00:00+0000,NORMAL
2023-10-07 16:00:00+0000,NORMAL
2023-10-07 20:00:00+0000,NORMAL
2023-10-08 00:00:00+0000,NORMAL
2023-10-08 04:00:00+0000,NORMAL
2023-10-08 08:00:00+0000,NORMAL
2023-10-08 12:00:00+0000,NORMAL
2023-10-08 16:00:00+0000,NORMAL
2023-10-08 20:00:00+0000,NORMAL
2023-10-09 00:00:00+0000,NORMAL
2023-10-09 04:00:00+0000,NORMAL
2023-10-09 08:00:00+0000,NORMAL
2023-10-09 12:00:00+0000,NORMAL
2023-10-09 16:00:00+0000,NORMAL
2023-10-09 20:00:00+0000,NORMAL
2023-10-10 00:00:00+0000,NORMAL
2023-10-10 04:00:00+0000,NORMAL
2023-10-10 08:00:00+0000,NORMAL
2023-10-10 12:00:00+0000,NORMAL
2023-10-10 16:00:00+0000,NORMAL
2023-10-10 20:00:00+0000,NORMAL
2023-10-11 00:00:00+0000,NORMAL
2023-10-11 04:00:00+0000,NORMAL
2023-10-11 08:00:00+0000,NORMAL
2023-10-11 12:00:00+0000,NORMAL
2023-10-11 16:00:00+0000,NORMAL
2023-10-11 20:00:00+0000,NORMAL
2023-10-12 00:00:00+0000,NORMAL
2023-10-12 04:00:00+0000,NORMAL
2023-10-12 08:00:00+0000,NORMAL
2023-10-12 12:00:00+0000,NORMAL
2023-10-12 16:00:00+0000,NORMAL
2023-10-12 20:00:00+0000,NORMAL
2023-10-13 00:00:00+0000,NORMAL
2023-10-13 04:00:00+0000,NORMAL
2023-10-13 08:00:00+0000,NORMAL
2023-10-13 12:00:00+0000,NORMAL
2023-10-13 16:00:00+0000,NORMAL
2023-10-13 20:00:00+0000,NORMAL
2023-10-14 00:00:00+0000,NORMAL
2023-10-14 04:00:00+0000,NORMAL
2023-10-14 08:00:00+0000,NORMAL
2023-10-14 12:00:00+0000,NORMAL
2023-10-14 16:00:00+0000,NORMAL
2023-10-14 20:00:00+0000,NORMAL
2023-10-15 00:00:00+0000,NORMAL
2023-10-15 04:00:00+0000,NORMAL
2023-10-15 08:00:00+0000,NORMAL
2023-10-15 12:00:00+0000,NORMAL
2023-10-15 16:00:00+0000,NORMAL
2023-10-15 20:00:00+0000,NORMAL
2023-10-16 00:00:00+0000,NORMAL
2023-10-16 04:00:00+0000,NORMAL
2023-10-16 08:00:00+0000,NORMAL
2023-10-16 12:00:00+0000,NORMAL
2023-10-16 16:00:00+0000,NORMAL
2023-10-16 20:00:00+0000,NORMAL
2023-10-17 00:00:00+0000,NORMAL
2023-10-17 04:00:00+0000,NORMAL
2023-10-17 08:00:00+0000,NORMAL
2023-10-17 12:00:00+0000,NORMAL
2023-10-17 16:00:00+0000,NORMAL
2023-10-17 20:00:00+0000,NORMAL
2023-10-18 00:00:00+0000,NORMAL
2023-10-18 04:00:00+0000,NORMAL
2023-10-18 08:00:00+0000,NORMAL
2023-10-18 12:00:00+0000,NORMAL
2023-10-18 16:00:00+0000,NORMAL
2023-10-18 20:00:00+0000,NORMAL
2023-10-19 00:00:00+0000,NORMAL
2023-10-19 04:00:00+0000,NORMAL
2023-10-19 08:00:00+0000,NORMAL
2023-10-19 12:00:00+0000,NORMAL
2023-10-19 16:00:00+0000,NORMAL
2023-10-19 20:00:00+0000,NORMAL
2023-10-20 00:00:00+0000,NORMAL
2023-10-20 04:00:00+0000,NORMAL
2023-10-20 08:00:00+0000,NORMAL
2023-10-20 12:00:00+0000,NORMAL
2023-10-20 16:00:00+0000,NORMAL
2023-10-20 20:00:00+0000,NORMAL
2023-10-21 00:00:00+0000,NORMAL
2023-10-21 04:00:00+0000,NORMAL
2023-10-21 08:00:00+0000,NORMAL
2023-10-21 12:00:00+0000,NORMAL
2023-10-21 16:00:00+0000,NORMAL
2023-10-21 20:00:00+0000,NORMAL
2023-10-22 00:00:00+0000,NORMAL
2023-10-22 04:00:00+0000,NORMAL
2023-10-22 08:00:00+0000,NORMAL
2023-10-22 12:00:00+0000,NORMAL
2023-10-22 16:00:00+0000,NORMAL
2023-10-22 20:00:00+0000,NORMAL
2023-10-23 00:00:00+0000,NORMAL
2023-10-23 04:00:00+0000,NORMAL
2023-10-23 08:00:00+0000,NORMAL
2023-10-23 12:00:00+0000,NORMAL
2023-10-23 16:00:00+0000,NORMAL
2023-10-23 20:00:00+0000,NORMAL
2023-10-24 00:00:00+0000,NORMAL
2023-10-24 04:00:00+0000,NORMAL
2023-10-24 08:00:00+0000,NORMAL
2023-10-24 12:00:00+0000,NORMAL
2023-10-24 16:00:00+0000,NORMAL
2023-10-24 20:00:00+0000,NORMAL
2023-10-25 00:00:00+0000,NORMAL
2023-10-25 04:00:00+0000,NORMAL
2023-10-25 08:00:00+0000,NORMAL
2023-10-25 12:00:00+0000,NORMAL
2023-10-25 16:00:00+0000,NORMAL
2023-10-25 20:00:00+0000,NORMAL
2023-10-26 00:00:00+0000,NORMAL
2023-10-26 04:00:00+0000,NORMAL
2023-10-26 08:00:00+0000,NORMAL
2023-10-26 12:00:00+0000,NORMAL
2023-10-26 16:00:00+0000,NORMAL
2023-10-26 20:00:00+0000,NORMAL
2023-10-27 00:00:00+0000,NORMAL
2023-10-27 04:00:00+0000,NORMAL
2023-10-27 08:00:00+0000,NORMAL
2023-10-27 12:00:00+0000,NORMAL
2023-10-27 16:00:00+0000,NORMAL
2023-10-27 20:00:00+0000,NORMAL
2023-10-28 00:00:00+0000,NORMAL
2023-10-28 04:00:00+0000,NORMAL
2023-10-28 08:00:00+0000,NORMAL
2023-10-28 12:00:00+0000,NORMAL
2023-10-28 16:00:00+0000,NORMAL
2023-10-28 20:00:00+0000,NORMAL
2023-10-29 00:00:00+0000,NORMAL
2023-10-29 04:00:00+0000,NORMAL
2023-10-29 08:00:00+0000,NORMAL
2023-10-29 12:00:00+0000,NORMAL
2023-10-29 16:00:00+0000,NORMAL
2023-10-29 20:00:00+0000,NORMAL
2023-10-30 00:00:00+0000,NORMAL
2023-10-30 04:00:00+0000,NORMAL
2023-10-30 08:00:00+0000,NORMAL
2023-10-30 12:00:00+0000,NORMAL
2023-10-30 16:00:00+0000,NORMAL
2023-10-30 20:00:00+0000,NORMAL
2023-10-31 00:00:00+0000,NORMAL
2023-10-31 04:00:00+0000,NORMAL
2023-10-31 08:00:00+0000,NORMAL
2023-10-31 12:00:00+0000,NORMAL
2023-10-31 16:00:00+0000,NORMAL
2023-10-31 20:00:00+0000,NORMAL
2023-11-01 00:00:00+0000,NORMAL
2023-11-01 04:00:00+0000,NORMAL
2023-11-01 08:00:00+0000,NORMAL
2023-11-01 12:00:00+0000,NORMAL
2023-11-01 16:00:00+0000,NORMAL
2023-11-01 20:00:00+0000,NORMAL
2023-11-02 00:00:00+0000,NORMAL
2023-11-02 04:00:00+0000,NORMAL
2023-11-02 08:00:00+0000,NORMAL
2023-11-02 12:00:00+0000,NORMAL
2023-11-02 16:00:00+0000,NORMAL
2023-11-02 20:00:00+0000,NORMAL
2023-11-03 00:00:00+0000,NORMAL
2023-11-03 04:00:00+0000,NORMAL
2023-11-03 08:00:00+0000,NORMAL
2023-11-03 12:00:00+0000,NORMAL
2023-11-03 16:00:00+0000,NORMAL
2023-11-03 20:00:00+0000,NORMAL
2023-11-04 00:00:00+0000,NORMAL
2023-11-04 04:00:00+0000,NORMAL
2023-11-04 08:00:00+0000,NORMAL
2023-11-04 12:00:00+0000,NORMAL
2023-11-04 16:00:00+0000,NORMAL
2023-11-04 20:00:00+0000,NORMAL
2023-11-05 00:00:00+0000,NORMAL
2023-11-05 04:00:00+0000,NORMAL
2023-11-05 08:00:00+0000,NORMAL
2023-11-05 12:00:00+0000,NORMAL
2023-11-05 16:00:00+0000,NORMAL
2023-11-05 20:00:00+0000,NORMAL
2023-11-06 00:00:00+0000,NORMAL
2023-11-06 04:00:00+0000,NORMAL
2023-11-06 08:00:00+0000,NORMAL
2023-11-06 12:00:00+0000,NORMAL
2023-11-06 16:00:00+0000,NORMAL
2023-11-06 20:00:00+0000,NORMAL
2023-11-07 00:00:00+0000,NORMAL
2023-11-07 04:00:00+0000,NORMAL
2023-11-07 08:00:00+0000,NORMAL
2023-11-07 12:00:00+0000,NORMAL
2023-11-07 16:00:00+0000,NORMAL
2023-11-07 20:00:00+0000,NORMAL
2023-11-08 00:00:00+0000,NORMAL
2023-11-08 04:00:00+0000,NORMAL
2023-11-08 08:00:00+0000,NORMAL
2023-11-08 12:00:00+0000,NORMAL
2023-11-08 16:00:00+0000,NORMAL
2023-11-08 20:00:00+0000,NORMAL
2023-11-09 00:00:00+0000,NORMAL
2023-11-09 04:00:00+0000,NORMAL
2023-11-09 08:00:00+0000,NORMAL
2023-11-09 12:00:00+0000,NORMAL
2023-11-09 16:00:00+0000,NORMAL
2023-11-09 20:00:00+0000,NORMAL
2023-11-10 00:00:00+0000,NORMAL
2023-11-10 04:00:00+0000,NORMAL
2023-11-10 08:00:00+0000,NORMAL
2023-11-10 12:00:00+0000,NORMAL
2023-11-10 16:00:00+0000,NORMAL
2023-11-10 20:00:00+0000,NORMAL
2023-11-11 00:00:00+0000,NORMAL
2023-11-11 04:00:00+0000,NORMAL
2023-11-11 08:00:00+0000,NORMAL
2023-11-11 12:00:00+0000,NORMAL
2023-11-11 16:00:00+0000,NORMAL
2023-11-11 20:00:00+0000,NORMAL
2023-11-12 00:00:00+0000,NORMAL
2023-11-12 04:00:00+0000,NORMAL
2023-11-12 08:00:00+0000,NORMAL
2023-11-12 12:00:00+0000,NORMAL
2023-11-12 16:00:00+0000,NORMAL
2023-11-12 20:00:00+0000,NORMAL
2023-11-13 00:00:00+0000,NORMAL
2023-11-13 04:00:00+0000,NORMAL
2023-11-13 08:00:00+0000,NORMAL
2023-11-13 12:00:00+0000,NORMAL
2023-11-13 16:00:00+0000,NORMAL
2023-11-13 20:00:00+0000,NORMAL
2023-11-14 00:00:00+0000,NORMAL
2023-11-14 04:00:00+0000,NORMAL
2023-11-14 08:00:00+0000,NORMAL
2023-11-14 12:00:00+0000,NORMAL
2023-11-14 16:00:00+0000,NORMAL
2023-11-14 20:00:00+0000,NORMAL
2023-11-15 00:00:00+0000,NORMAL
2023-11-15 04:00:00+0000,NORMAL
2023-11-15 08:00:00+0000,NORMAL
2023-11-15 12:00:00+0000,NORMAL
2023-11-15 16:00:00+0000,NORMAL
2023-11-15 20:00:00+0000,NORMAL
2023-11-16 00:00:00+0000,NORMAL
2023-11-16 04:00:00+0000,NORMAL
2023-11-16 08:00:00+0000,NORMAL
2023-11-16 12:00:00+0000,NORMAL
2023-11-16 16:00:00+0000,NORMAL
2023-11-16 20:00:00+0000,NORMAL
2023-11-17 00:00:00+0000,NORMAL
2023-11-17 04:00:00+0000,NORMAL
2023-11-17 08:00:00+0000,NORMAL
2023-11-17 12:00:00+0000,NORMAL
2023-11-17 16:00:00+0000,NORMAL
2023-11-17 20:00:00+0000,NORMAL
2023-11-18 00:00:00+0000,NORMAL
2023-11-18 04:00:00+0000,NORMAL
2023-11-18 08:00:00+0000,NORMAL
2023-11-18 12:00:00+0000,NORMAL
2023-11-18 16:00:00+0000,NORMAL
2023-11-18 20:00:00+0000,NORMAL
2023-11-19 00:00:00+0000,NORMAL
2023-11-19 04:00:00+0000,NORMAL
2023-11-19 08:00:00+0000,NORMAL
2023-11-19 12:00:00+0000,NORMAL
2023-11-19 16:00:00+0000,NORMAL
2023-11-19 20:00:00+0000,NORMAL
2023-11-20 00:00:00+0000,NORMAL
2023-11-20 04:00:00+0000,NORMAL
2023-11-20 08:00:00+0000,NORMAL
2023-11-20 12:00:00+0000,NORMAL
2023-11-20 16:00:00+0000,NORMAL
2023-11-20 20:00:00+0000,NORMAL
2023-11-21 00:00:00+0000,NORMAL
2023-11-21 04:00:00+0000,NORMAL
2023-11-21 08:00:00+0000,NORMAL
2023-11-21 12:00:00+0000,NORMAL
2023-11-21 16:00:00+0000,NORMAL
2023-11-21 20:00:00+0000,NORMAL
2023-11-22 00:00:00+0000,NORMAL
2023-11-22 04:00:00+0000,NORMAL
2023-11-22 08:00:00+0000,NORMAL
2023-11-22 12:00:00+0000,NORMAL
2023-11-22 16:00:00+0000,NORMAL
2023-11-22 20:00:00+0000,NORMAL
2023-11-23 00:00:00+0000,NORMAL
2023-11-23 04:00:00+0000,NORMAL
2023-11-23 08:00:00+0000,NORMAL
2023-11-23 12:00:00+0000,NORMAL
2023-11-23 16:00:00+0000,NORMAL
2023-11-23 20:00:00+0000,NORMAL
2023-11-24 00:00:00+0000,NORMAL
2023-11-24 04:00:00+0000,NORMAL
2023-11-24 08:00:00+0000,NORMAL
2023-11-24 12:00:00+0000,NORMAL
2023-11-24 16:00:00+0000,NORMAL
2023-11-24 20:00:00+0000,NORMAL
2023-11-25 00:00:00+0000,NORMAL
2023-11-25 04:00:00+0000,NORMAL
2023-11-25 08:00:00+0000,NORMAL
2023-11-25 12:00:00+0000,NORMAL
2023-11-25 16:00:00+0000,NORMAL
2023-11-25 20:00:00+0000,NORMAL
2023-11-26 00:00:00+0000,NORMAL
2023-11-26 04:00:00+0000,NORMAL
2023-11-26 08:00:00+0000,NORMAL
2023-11-26 12:00:00+0000,NORMAL
2023-11-26 16:00:00+0000,NORMAL
2023-11-26 20:00:00+0000,NORMAL
2023-11-27 00:00:00+0000,NORMAL
2023-11-27 04:00:00+0000,NORMAL
2023-11-27 08:00:00+0000,NORMAL
2023-11-27 12:00:00+0000,NORMAL
2023-11-27 16:00:00+0000,NORMAL
2023-11-27 20:00:00+0000,NORMAL
2023-11-28 00:00:00+0000,NORMAL
2023-11-28 04:00:00+0000,NORMAL
2023-11-28 08:00:00+0000,NORMAL
2023-11-28 12:00:00+0000,NORMAL
2023-11-28 16:00:00+0000,NORMAL
2023-11-28 20:00:00+0000,NORMAL
2023-11-29 00:00:00+0000,NORMAL
2023-11-29 04:00:00+0000,NORMAL
2023-11-29 08:00:00+0000,NORMAL
2023-11-29 12:00:00+0000,NORMAL
2023-11-29 16:00:00+0000,NORMAL
2023-11-29 20:00:00+0000,NORMAL
2023-11-30 00:00:00+0000,NORMAL
2023-11-30 04:00:00+0000,NORMAL
2023-11-30 08:00:00+0000,NORMAL
2023-11-30 12:00:00+0000,NORMAL
2023-11-30 16:00:00+0000,NORMAL
2023-11-30 20:00:00+0000,NORMAL
2023-12-01 00:00:00+0000,NORMAL
2023-12-01 04:00:00+0000,NORMAL
2023-12-01 08:00:00+0000,NORMAL
2023-12-01 12:00:00+0000,NORMAL
2023-12-01 16:00:00+0000,NORMAL
2023-12-01 20:00:00+0000,NORMAL
2023-12-02 00:00:00+0000,NORMAL
2023-12-02 04:00:00+0000,NORMAL
2023-12-02 08:00:00+0000,NORMAL
2023-12-02 12:00:00+0000,NORMAL
2023-12-02 16:00:00+0000,NORMAL
2023-12-02 20:00:00+0000,NORMAL
2023-12-03 00:00:00+0000,NORMAL
2023-12-03 04:00:00+0000,NORMAL
2023-12-03 08:00:00+0000,NORMAL
2023-12-03 12:00:00+0000,NORMAL
2023-12-03 16:00:00+0000,NORMAL
2023-12-03 20:00:00+0000,NORMAL
2023-12-04 00:00:00+0000,NORMAL
2023-12-04 04:00:00+0000,NORMAL
2023-12-04 08:00:00+0000,NORMAL
2023-12-04 12:00:00+0000,NORMAL
2023-12-04 16:00:00+0000,NORMAL
2023-12-04 20:00:00+0000,NORMAL
2023-12-05 00:00:00+0000,NORMAL
2023-12-05 04:00:00+0000,NORMAL
2023-12-05 08:00:00+0000,NORMAL
2023-12-05 12:00:00+0000,NORMAL
2023-12-05 16:00:00+0000,NORMAL
2023-12-05 20:00:00+0000,NORMAL
2023-12-06 00:00:00+0000,NORMAL
2023-12-06 04:00:00+0000,NORMAL
2023-12-06 08:00:00+0000,NORMAL
2023-12-06 12:00:00+0000,NORMAL
2023-12-06 16:00:00+0000,NORMAL
2023-12-06 20:00:00+0000,NORMAL
2023-12-07 00:00:00+0000,NORMAL
2023-12-07 04:00:00+0000,NORMAL
2023-12-07 08:00:00+0000,NORMAL
2023-12-07 12:00:00+0000,NORMAL
2023-12-07 16:00:00+0000,NORMAL
2023-12-07 20:00:00+0000,NORMAL
2023-12-08 00:00:00+0000,NORMAL
2023-12-08 04:00:00+0000,NORMAL
2023-12-08 08:00:00+0000,NORMAL
2023-12-08 12:00:00+0000,NORMAL
2023-12-08 16:00:00+0000,NORMAL
2023-12-08 20:00:00+0000,NORMAL
2023-12-09 00:00:00+0000,NORMAL
2023-12-09 04:00:00+0000,NORMAL
2023-12-09 08:00:00+0000,NORMAL
2023-12-09 12:00:00+0000,NORMAL
2023-12-09 16:00:00+0000,NORMAL
2023-12-09 20:00:00+0000,NORMAL
2023-12-10 00:00:00+0000,NORMAL
2023-12-10 04:00:00+0000,NORMAL
2023-12-10 08:00:00+0000,NORMAL
2023-12-10 12:00:00+0000,NORMAL
2023-12-10 16:00:00+0000,NORMAL
2023-12-10 20:00:00+0000,NORMAL
2023-12-11 00:00:00+0000,NORMAL
2023-12-11 04:00:00+0000,NORMAL
2023-12-11 08:00:00+0000,NORMAL
2023-12-11 12:00:00+0000,NORMAL
2023-12-11 16:00:00+0000,NORMAL
2023-12-11 20:00:00+0000,NORMAL
2023-12-12 00:00:00+0000,NORMAL
2023-12-12 04:00:00+0000,NORMAL
2023-12-12 08:00:00+0000,NORMAL
2023-12-12 12:00:00+0000,NORMAL
2023-12-12 16:00:00+0000,NORMAL
2023-12-12 20:00:00+0000,NORMAL
2023-12-13 00:00:00+0000,NORMAL
2023-12-13 04:00:00+0000,NORMAL
2023-12-13 08:00:00+0000,NORMAL
2023-12-13 12:00:00+0000,NORMAL
2023-12-13 16:00:00+0000,NORMAL
2023-12-13 20:00:00+0000,NORMAL
2023-12-14 00:00:00+0000,NORMAL
2023-12-14 04:00:00+0000,NORMAL
2023-12-14 08:00:00+0000,NORMAL
2023-12-14 12:00:00+0000,NORMAL
2023-12-14 16:00:00+0000,NORMAL
2023-12-14 20:00:00+0000,NORMAL
2023-12-15 00:00:00+0000,NORMAL
2023-12-15 04:00:00+0000,NORMAL
2023-12-15 08:00:00+0000,NORMAL
2023-12-15 12:00:00+0000,NORMAL
2023-12-15 16:00:00+0000,NORMAL
2023-12-15 20:00:00+0000,NORMAL
2023-12-16 00:00:00+0000,NORMAL
2023-12-16 04:00:00+0000,NORMAL
2023-12-16 08:00:00+0000,NORMAL
2023-12-16 12:00:00+0000,NORMAL
2023-12-16 16:00:00+0000,NORMAL
2023-12-16 20:00:00+0000,NORMAL
2023-12-17 00:00:00+0000,NORMAL
2023-12-17 04:00:00+0000,NORMAL
2023-12-17 08:00:00+0000,NORMAL
2023-12-17 12:00:00+0000,NORMAL
2023-12-17 16:00:00+0000,NORMAL
2023-12-17 20:00:00+0000,NORMAL
2023-12-18 00:00:00+0000,NORMAL
2023-12-18 04:00:00+0000,NORMAL
2023-12-18 08:00:00+0000,NORMAL
2023-12-18 12:00:00+0000,NORMAL
2023-12-18 16:00:00+0000,NORMAL
2023-12-18 20:00:00+0000,NORMAL
2023-12-19 00:00:00+0000,NORMAL
2023-12-19 04:00:00+0000,NORMAL
2023-12-19 08:00:00+0000,NORMAL
2023-12-19 12:00:00+0000,NORMAL
2023-12-19 16:00:00+0000,NORMAL
2023-12-19 20:00:00+0000,NORMAL
2023-12-20 00:00:00+0000,NORMAL
2023-12-20 04:00:00+0000,NORMAL
2023-12-20 08:00:00+0000,NORMAL
2023-12-20 12:00:00+0000,NORMAL
2023-12-20 16:00:00+0000,NORMAL
2023-12-20 20:00:00+0000,NORMAL
2023-12-21 00:00:00+0000,NORMAL
2023-12-21 04:00:00+0000,NORMAL
2023-12-21 08:00:00+0000,NORMAL
2023-12-21 12:00:00+0000,NORMAL
2023-12-21 16:00:00+0000,NORMAL
2023-12-21 20:00:00+0000,NORMAL
2023-12-22 00:00:00+0000,NORMAL
2023-12-22 04:00:00+0000,NORMAL
2023-12-22 08:00:00+0000,NORMAL
2023-12-22 12:00:00+0000,NORMAL
2023-12-22 16:00:00+0000,NORMAL
2023-12-22 20:00:00+0000,NORMAL
2023-12-23 00:00:00+0000,NORMAL
2023-12-23 04:00:00+0000,NORMAL
2023-12-23 08:00:00+0000,NORMAL
2023-12-23 12:00:00+0000,NORMAL
2023-12-23 16:00:00+0000,NORMAL
2023-12-23 20:00:00+0000,NORMAL
2023-12-24 00:00:00+0000,NORMAL
2023-12-24 04:00:00+0000,NORMAL
2023-12-24 08:00:00+0000,NORMAL
2023-12-24 12:00:00+0000,NORMAL
2023-12-24 16:00:00+0000,NORMAL
2023-12-24 20:00:00+0000,NORMAL
2023-12-25 00:00:00+0000,NORMAL
2023-12-25 04:00:00+0000,NORMAL
2023-12-25 08:00:00+0000,NORMAL
2023-12-25 12:00:00+0000,NORMAL
2023-12-25 16:00:00+0000,NORMAL
2023-12-25 20:00:00+0000,NORMAL
2023-12-26 00:00:00+0000,NORMAL
2023-12-26 04:00:00+0000,NORMAL
2023-12-26 08:00:00+0000,NORMAL
2023-12-26 12:00:00+0000,NORMAL
2023-12-26 16:00:00+0000,NORMAL
2023-12-26 20:00:00+0000,NORMAL
2023-12-27 00:00:00+0000,NORMAL
2023-12-27 04:00:00+0000,NORMAL
2023-12-27 08:00:00+0000,NORMAL
2023-12-27 12:00:00+0000,NORMAL
2023-12-27 16:00:00+0000,NORMAL
2023-12-27 20:00:00+0000,NORMAL
2023-12-28 00:00:00+0000,NORMAL
2023-12-28 04:00:00+0000,NORMAL
2023-12-28 08:00:00+0000,NORMAL
2023-12-28 12:00:00+0000,NORMAL
2023-12-28 16:00:00+0000,NORMAL
2023-12-28 20:00:00+0000,NORMAL
2023-12-29 00:00:00+0000,NORMAL
2023-12-29 04:00:00+0000,NORMAL
2023-12-29 08:00:00+0000,NORMAL
2023-12-29 12:00:00+0000,NORMAL
2023-12-29 16:00:00+0000,NORMAL
2023-12-29 20:00:00+0000,NORMAL
2023-12-30 00:00:00+0000,NORMAL
2023-12-30 04:00:00+0000,NORMAL
2023-12-30 08:00:00+0000,NORMAL
2023-12-30 12:00:00+0000,NORMAL
2023-12-30 16:00:00+0000,NORMAL
2023-12-30 20:00:00+0000,NORMAL
2023-12-31 00:00:00+0000,NORMAL
2023-12-31 04:00:00+0000,NORMAL
2023-12-31 08:00:00+0000,NORMAL
2023-12-31 12:00:00+0000,NORMAL
2023-12-31 16:00:00+0000,NORMAL
2023-12-31 20:00:00+0000,NORMAL
2024-01-01 00:00:00+0000,NORMAL
2024-01-01 04:00:00+0000,NORMAL
2024-01-01 08:00:00+0000,NORMAL
2024-01-01 12:00:00+0000,NORMAL
2024-01-01 16:00:00+0000,NORMAL
2024-01-01 20:00:00+0000,NORMAL
2024-01-02 00:00:00+0000,NORMAL
2024-01-02 04:00:00+0000,NORMAL
2024-01-02 08:00:00+0000,NORMAL
2024-01-02 12:00:00+0000,NORMAL
2024-01-02 16:00:00+0000,NORMAL
2024-01-02 20:00:00+0000,NORMAL
2024-01-03 00:00:00+0000,NORMAL
2024-01-03 04:00:00+0000,NORMAL
2024-01-03 08:00:00+0000,NORMAL
2024-01-03 12:00:00+0000,NORMAL
2024-01-03 16:00:00+0000,NORMAL
2024-01-03 20:00:00+0000,NORMAL
2024-01-04 00:00:00+0000,NORMAL
2024-01-04 04:00:00+0000,NORMAL
2024-01-04 08:00:00+0000,NORMAL
2024-01-04 12:00:00+0000,NORMAL
2024-01-04 16:00:00+0000,NORMAL
2024-01-04 20:00:00+0000,NORMAL
2024-01-05 00:00:00+0000,NORMAL
2024-01-05 04:00:00+0000,NORMAL
2024-01-05 08:00:00+0000,NORMAL
2024-01-05 12:00:00+0000,NORMAL
2024-01-05 16:00:00+0000,NORMAL
2024-01-05 20:00:00+0000,NORMAL
2024-01-06 00:00:00+0000,NORMAL
2024-01-06 04:00:00+0000,NORMAL
2024-01-06 08:00:00+0000,NORMAL
2024-01-06 12:00:00+0000,NORMAL
2024-01-06 16:00:00+0000,NORMAL
2024-01-06 20:00:00+0000,NORMAL
2024-01-07 00:00:00+0000,NORMAL
2024-01-07 04:00:00+0000,NORMAL
2024-01-07 08:00:00+0000,NORMAL
2024-01-07 12:00:00+0000,NORMAL
2024-01-07 16:00:00+0000,NORMAL
2024-01-07 20:00:00+0000,NORMAL
2024-01-08 00:00:00+0000,NORMAL
2024-01-08 04:00:00+0000,NORMAL
2024-01-08 08:00:00+0000,NORMAL
2024-01-08 12:00:00+0000,NORMAL
2024-01-08 16:00:00+0000,NORMAL
2024-01-08 20:00:00+0000,NORMAL
2024-01-09 00:00:00+0000,NORMAL
2024-01-09 04:00:00+0000,NORMAL
2024-01-09 08:00:00+0000,NORMAL
2024-01-09 12:00:00+0000,NORMAL
2024-01-09 16:00:00+0000,NORMAL
2024-01-09 20:00:00+0000,NORMAL
2024-01-10 00:00:00+0000,NORMAL
2024-01-10 04:00:00+0000,NORMAL
2024-01-10 08:00:00+0000,NORMAL
2024-01-10 12:00:00+0000,NORMAL
2024-01-10 16:00:00+0000,NORMAL
2024-01-10 20:00:00+0000,NORMAL
2024-01-11 00:00:00+0000,NORMAL
2024-01-11 04:00:00+0000,NORMAL
2024-01-11 08:00:00+0000,NORMAL
2024-01-11 12:00:00+0000,NORMAL
2024-01-11 16:00:00+0000,NORMAL
2024-01-11 20:00:00+0000,NORMAL
2024-01-12 00:00:00+0000,NORMAL
2024-01-12 04:00:00+0000,NORMAL
2024-01-12 08:00:00+0000,NORMAL
2024-01-12 12:00:00+0000,NORMAL
2024-01-12 16:00:00+0000,NORMAL
2024-01-12 20:00:00+0000,NORMAL
2024-01-13 00:00:00+0000,NORMAL
2024-01-13 04:00:00+0000,NORMAL
2024-01-13 08:00:00+0000,NORMAL
2024-01-13 12:00:00+0000,NORMAL
2024-01-13 16:00:00+0000,NORMAL
2024-01-13 20:00:00+0000,NORMAL
2024-01-14 00:00:00+0000,NORMAL
2024-01-14 04:00:00+0000,NORMAL
2024-01-14 08:00:00+0000,NORMAL
2024-01-14 12:00:00+0000,NORMAL
2024-01-14 16:00:00+0000,NORMAL
2024-01-14 20:00:00+0000,NORMAL
2024-01-15 00:00:00+0000,NORMAL
2024-01-15 04:00:00+0000,NORMAL
2024-01-15 08:00:00+0000,NORMAL
2024-01-15 12:00:00+0000,NORMAL
2024-01-15 16:00:00+0000,NORMAL
2024-01-15 20:00:00+0000,NORMAL
2024-01-16 00:00:00+0000,NORMAL
2024-01-16 04:00:00+0000,NORMAL
2024-01-16 08:00:00+0000,NORMAL
2024-01-16 12:00:00+0000,NORMAL
2024-01-16 16:00:00+0000,NORMAL
2024-01-16 20:00:00+0000,NORMAL
2024-01-17 00:00:00+0000,NORMAL
2024-01-17 04:00:00+0000,NORMAL
2024-01-17 08:00:00+0000,NORMAL
2024-01-17 12:00:00+0000,NORMAL
2024-01-17 16:00:00+0000,NORMAL
2024-01-17 20:00:00+0000,NORMAL
2024-01-18 00:00:00+0000,NORMAL
2024-01-18 04:00:00+0000,NORMAL
2024-01-18 08:00:00+0000,NORMAL
2024-01-18 12:00:00+0000,NORMAL
2024-01-18 16:00:00+0000,NORMAL
2024-01-18 20:00:00+0000,NORMAL
2024-01-19 00:00:00+0000,NORMAL
2024-01-19 04:00:00+0000,NORMAL
2024-01-19 08:00:00+0000,NORMAL
2024-01-19 12:00:00+0000,NORMAL
2024-01-19 16:00:00+0000,NORMAL
2024-01-19 20:00:00+0000,NORMAL
2024-01-20 00:00:00+0000,NORMAL
2024-01-20 04:00:00+0000,NORMAL
2024-01-20 08:00:00+0000,NORMAL
2024-01-20 12:00:00+0000,NORMAL
2024-01-20 16:00:00+0000,NORMAL
2024-01-20 20:00:00+0000,NORMAL
2024-01-21 00:00:00+0000,NORMAL
2024-01-21 04:00:00+0000,NORMAL
2024-01-21 08:00:00+0000,NORMAL
2024-01-21 12:00:00+0000,NORMAL
2024-01-21 16:00:00+0000,NORMAL
2024-01-21 20:00:00+0000,NORMAL
2024-01-22 00:00:00+0000,NORMAL
2024-01-22 04:00:00+0000,NORMAL
2024-01-22 08:00:00+0000,NORMAL
2024-01-22 12:00:00+0000,NORMAL
2024-01-22 16:00:00+0000,NORMAL
2024-01-22 20:00:00+0000,NORMAL
2024-01-23 00:00:00+0000,NORMAL
2024-01-23 04:00:00+0000,NORMAL
2024-01-23 08:00:00+0000,NORMAL
2024-01-23 12:00:00+0000,NORMAL
2024-01-23 16:00:00+0000,NORMAL
2024-01-23 20:00:00+0000,NORMAL
2024-01-24 00:00:00+0000,NORMAL
2024-01-24 04:00:00+0000,NORMAL
2024-01-24 08:00:00+0000,NORMAL
2024-01-24 12:00:00+0000,NORMAL
2024-01-24 16:00:00+0000,NORMAL
2024-01-24 20:00:00+0000,NORMAL
2024-01-25 00:00:00+0000,NORMAL
2024-01-25 04:00:00+0000,NORMAL
2024-01-25 08:00:00+0000,NORMAL
2024-01-25 12:00:00+0000,NORMAL
2024-01-25 16:00:00+0000,NORMAL
2024-01-25 20:00:00+0000,NORMAL
2024-01-26 00:00:00+0000,NORMAL
2024-01-26 04:00:00+0000,NORMAL
2024-01-26 08:00:00+0000,NORMAL
2024-01-26 12:00:00+0000,NORMAL
2024-01-26 16:00:00+0000,NORMAL
2024-01-26 20:00:00+0000,NORMAL
2024-01-27 00:00:00+0000,NORMAL
2024-01-27 04:00:00+0000,NORMAL
2024-01-27 08:00:00+0000,NORMAL
2024-01-27 12:00:00+0000,NORMAL
2024-01-27 16:00:00+0000,NORMAL
2024-01-27 20:00:00+0000,NORMAL
2024-01-28 00:00:00+0000,NORMAL
2024-01-28 04:00:00+0000,NORMAL
2024-01-28 08:00:00+0000,NORMAL
2024-01-28 12:00:00+0000,NORMAL
2024-01-28 16:00:00+0000,NORMAL
2024-01-28 20:00:00+0000,NORMAL
2024-01-29 00:00:00+0000,NORMAL
2024-01-29 04:00:00+0000,NORMAL
2024-01-29 08:00:00+0000,NORMAL
2024-01-29 12:00:00+0000,NORMAL
2024-01-29 16:00:00+0000,NORMAL
2024-01-29 20:00:00+0000,NORMAL
2024-01-30 00:00:00+0000,NORMAL
2024-01-30 04:00:00+0000,NORMAL
2024-01-30 08:00:00+0000,NORMAL
2024-01-30 12:00:00+0000,NORMAL
2024-01-30 16:00:00+0000,NORMAL
2024-01-30 20:00:00+0000,NORMAL
2024-01-31 00:00:00+0000,NORMAL
2024-01-31 04:00:00+0000,NORMAL
2024-01-31 08:00:00+0000,NORMAL
2024-01-31 12:00:00+0000,NORMAL
2024-01-31 16:00:00+0000,NORMAL
2024-01-31 20:00:00+0000,NORMAL
2024-02-01 00:00:00+0000,NORMAL
2024-02-01 04:00:00+0000,NORMAL
2024-02-01 08:00:00+0000,NORMAL
2024-02-01 12:00:00+0000,NORMAL
2024-02-01 16:00:00+0000,NORMAL
2024-02-01 20:00:00+0000,NORMAL
2024-02-02 00:00:00+0000,NORMAL
2024-02-02 04:00:00+0000,NORMAL
2024-02-02 08:00:00+0000,NORMAL
2024-02-02 12:00:00+0000,NORMAL
2024-02-02 16:00:00+0000,NORMAL
2024-02-02 20:00:00+0000,NORMAL
2024-02-03 00:00:00+0000,NORMAL
2024-02-03 04:00:00+0000,NORMAL
2024-02-03 08:00:00+0000,NORMAL
2024-02-03 12:00:00+0000,NORMAL
2024-02-03 16:00:00+0000,NORMAL
2024-02-03 20:00:00+0000,NORMAL
2024-02-04 00:00:00+0000,NORMAL
2024-02-04 04:00:00+0000,NORMAL
2024-02-04 08:00:00+0000,NORMAL
2024-02-04 12:00:00+0000,NORMAL
2024-02-04 16:00:00+0000,NORMAL
2024-02-04 20:00:00+0000,NORMAL
2024-02-05 00:00:00+0000,NORMAL
2024-02-05 04:00:00+0000,NORMAL
2024-02-05 08:00:00+0000,NORMAL
2024-02-05 12:00:00+0000,NORMAL
2024-02-05 16:00:00+0000,NORMAL
2024-02-05 20:00:00+0000,NORMAL
2024-02-06 00:00:00+0000,NORMAL
2024-02-06 04:00:00+0000,NORMAL
2024-02-06 08:00:00+0000,NORMAL
2024-02-06 12:00:00+0000,NORMAL
2024-02-06 16:00:00+0000,NORMAL
2024-02-06 20:00:00+0000,NORMAL
2024-02-07 00:00:00+0000,NORMAL
2024-02-07 04:00:00+0000,NORMAL
2024-02-07 08:00:00+0000,NORMAL
2024-02-07 12:00:00+0000,NORMAL
2024-02-07 16:00:00+0000,NORMAL
2024-02-07 20:00:00+0000,NORMAL
2024-02-08 00:00:00+0000,NORMAL
2024-02-08 04:00:00+0000,NORMAL
2024-02-08 08:00:00+0000,NORMAL
2024-02-08 12:00:00+0000,NORMAL
2024-02-08 16:00:00+0000,NORMAL
2024-02-08 20:00:00+0000,NORMAL
2024-02-09 00:00:00+0000,NORMAL
2024-02-09 04:00:00+0000,NORMAL
2024-02-09 08:00:00+0000,NORMAL
2024-02-09 12:00:00+0000,NORMAL
2024-02-09 16:00:00+0000,NORMAL
2024-02-09 20:00:00+0000,NORMAL
2024-02-10 00:00:00+0000,NORMAL
2024-02-10 04:00:00+0000,NORMAL
2024-02-10 08:00:00+0000,NORMAL
2024-02-10 12:00:00+0000,NORMAL
2024-02-10 16:00:00+0000,NORMAL
2024-02-10 20:00:00+0000,NORMAL
2024-02-11 00:00:00+0000,NORMAL
2024-02-11 04:00:00+0000,NORMAL
2024-02-11 08:00:00+0000,NORMAL
2024-02-11 12:00:00+0000,NORMAL
2024-02-11 16:00:00+0000,NORMAL
2024-02-11 20:00:00+0000,NORMAL
2024-02-12 00:00:00+0000,NORMAL
2024-02-12 04:00:00+0000,NORMAL
2024-02-12 08:00:00+0000,NORMAL
2024-02-12 12:00:00+0000,NORMAL
2024-02-12 16:00:00+0000,NORMAL
2024-02-12 20:00:00+0000,NORMAL
2024-02-13 00:00:00+0000,NORMAL
2024-02-13 04:00:00+0000,NORMAL
2024-02-13 08:00:00+0000,NORMAL
2024-02-13 12:00:00+0000,NORMAL
2024-02-13 16:00:00+0000,NORMAL
2024-02-13 20:00:00+0000,NORMAL
2024-02-14 00:00:00+0000,NORMAL
2024-02-14 04:00:00+0000,NORMAL
2024-02-14 08:00:00+0000,NORMAL
2024-02-14 12:00:00+0000,NORMAL
2024-02-14 16:00:00+0000,NORMAL
2024-02-14 20:00:00+0000,NORMAL
2024-02-15 00:00:00+0000,NORMAL
2024-02-15 04:00:00+0000,NORMAL
2024-02-15 08:00:00+0000,NORMAL
2024-02-15 12:00:00+0000,NORMAL
2024-02-15 16:00:00+0000,NORMAL
2024-02-15 20:00:00+0000,NORMAL
2024-02-16 00:00:00+0000,NORMAL
2024-02-16 04:00:00+0000,NORMAL
2024-02-16 08:00:00+0000,NORMAL
2024-02-16 12:00:00+0000,NORMAL
2024-02-16 16:00:00+0000,NORMAL
2024-02-16 20:00:00+0000,NORMAL
2024-02-17 00:00:00+0000,NORMAL
2024-02-17 04:00:00+0000,NORMAL
2024-02-17 08:00:00+0000,NORMAL
2024-02-17 12:00:00+0000,NORMAL
2024-02-17 16:00:00+0000,NORMAL
2024-02-17 20:00:00+0000,NORMAL
2024-02-18 00:00:00+0000,NORMAL
2024-02-18 04:00:00+0000,NORMAL
2024-02-18 08:00:00+0000,NORMAL
2024-02-18 12:00:00+0000,NORMAL
2024-02-18 16:00:00+0000,NORMAL
2024-02-18 20:00:00+0000,NORMAL
2024-02-19 00:00:00+0000,NORMAL
2024-02-19 04:00:00+0000,NORMAL
2024-02-19 08:00:00+0000,NORMAL
2024-02-19 12:00:00+0000,NORMAL
2024-02-19 16:00:00+0000,NORMAL
2024-02-19 20:00:00+0000,NORMAL
2024-02-20 00:00:00+0000,NORMAL
2024-02-20 04:00:00+0000,NORMAL
2024-02-20 08:00:00+0000,NORMAL
2024-02-20 12:00:00+0000,NORMAL
2024-02-20 16:00:00+0000,NORMAL
2024-02-20 20:00:00+0000,NORMAL
2024-02-21 00:00:00+0000,NORMAL
2024-02-21 04:00:00+0000,NORMAL
2024-02-21 08:00:00+0000,NORMAL
2024-02-21 12:00:00+0000,NORMAL
2024-02-21 16:00:00+0000,NORMAL
2024-02-21 20:00:00+0000,NORMAL
2024-02-22 00:00:00+0000,NORMAL
2024-02-22 04:00:00+0000,NORMAL
2024-02-22 08:00:00+0000,NORMAL
2024-02-22 12:00:00+0000,NORMAL
2024-02-22 16:00:00+0000,NORMAL
2024-02-22 20:00:00+0000,NORMAL
2024-02-23 00:00:00+0000,NORMAL
2024-02-23 04:00:00+0000,NORMAL
2024-02-23 08:00:00+0000,NORMAL
2024-02-23 12:00:00+0000,NORMAL
2024-02-23 16:00:00+0000,NORMAL
2024-02-23 20:00:00+0000,NORMAL
2024-02-24 00:00:00+0000,NORMAL
2024-02-24 04:00:00+0000,NORMAL
2024-02-24 08:00:00+0000,NORMAL
2024-02-24 12:00:00+0000,NORMAL
2024-02-24 16:00:00+0000,NORMAL
2024-02-24 20:00:00+0000,NORMAL
2024-02-25 00:00:00+0000,NORMAL
2024-02-25 04:00:00+0000,NORMAL
2024-02-25 08:00:00+0000,NORMAL
2024-02-25 12:00:00+0000,NORMAL
2024-02-25 16:00:00+0000,NORMAL
2024-02-25 20:00:00+0000,NORMAL
2024-02-26 00:00:00+0000,NORMAL
2024-02-26 04:00:00+0000,NORMAL
2024-02-26 08:00:00+0000,NORMAL
2024-02-26 12:00:00+0000,NORMAL
2024-02-26 16:00:00+0000,NORMAL
2024-02-26 20:00:00+0000,NORMAL
2024-02-27 00:00:00+0000,NORMAL
2024-02-27 04:00:00+0000,NORMAL
2024-02-27 08:00:00+0000,NORMAL
2024-02-27 12:00:00+0000,NORMAL
2024-02-27 16:00:00+0000,NORMAL
2024-02-27 20:00:00+0000,NORMAL
2024-02-28 00:00:00+0000,NORMAL
2024-02-28 04:00:00+0000,NORMAL
2024-02-28 08:00:00+0000,NORMAL
2024-02-28 12:00:00+0000,NORMAL
2024-02-28 16:00:00+0000,NORMAL
2024-02-28 20:00:00+0000,NORMAL
2024-02-29 00:00:00+0000,NORMAL
2024-02-29 04:00:00+0000,NORMAL
2024-02-29 08:00:00+0000,NORMAL
2024-02-29 12:00:00+0000,NORMAL
2024-02-29 16:00:00+0000,NORMAL
2024-02-29 20:00:00+0000,NORMAL
2024-03-01 00:00:00+0000,NORMAL
2024-03-01 04:00:00+0000,NORMAL
2024-03-01 08:00:00+0000,NORMAL
2024-03-01 12:00:00+0000,NORMAL
2024-03-01 16:00:00+0000,NORMAL
2024-03-01 20:00:00+0000,NORMAL
2024-03-02 00:00:00+0000,NORMAL
2024-03-02 04:00:00+0000,NORMAL
2024-03-02 08:00:00+0000,NORMAL
2024-03-02 12:00:00+0000,NORMAL
2024-03-02 16:00:00+0000,NORMAL
2024-03-02 20:00:00+0000,NORMAL
2024-03-03 00:00:00+0000,NORMAL
2024-03-03 04:00:00+0000,NORMAL
2024-03-03 08:00:00+0000,NORMAL
2024-03-03 12:00:00+0000,NORMAL
2024-03-03 16:00:00+0000,NORMAL
2024-03-03 20:00:00+0000,NORMAL
2024-03-04 00:00:00+0000,NORMAL
2024-03-04 04:00:00+0000,NORMAL
2024-03-04 08:00:00+0000,NORMAL
2024-03-04 12:00:00+0000,NORMAL
2024-03-04 16:00:00+0000,NORMAL
2024-03-04 20:00:00+0000,NORMAL
2024-03-05 00:00:00+0000,NORMAL
2024-03-05 04:00:00+0000,NORMAL
2024-03-05 08:00:00+0000,NORMAL
2024-03-05 12:00:00+0000,NORMAL
2024-03-05 16:00:00+0000,NORMAL
2024-03-05 20:00:00+0000,NORMAL
2024-03-06 00:00:00+0000,NORMAL
2024-03-06 04:00:00+0000,NORMAL
2024-03-06 08:00:00+0000,NORMAL
2024-03-06 12:00:00+0000,NORMAL
2024-03-06 16:00:00+0000,NORMAL
2024-03-06 20:00:00+0000,NORMAL
2024-03-07 00:00:00+0000,NORMAL
2024-03-07 04:00:00+0000,NORMAL
2024-03-07 08:00:00+0000,NORMAL
2024-03-07 12:00:00+0000,NORMAL
2024-03-07 16:00:00+0000,NORMAL
2024-03-07 20:00:00+0000,NORMAL
2024-03-08 00:00:00+0000,NORMAL
2024-03-08 04:00:00+0000,NORMAL
2024-03-08 08:00:00+0000,NORMAL
2024-03-08 12:00:00+0000,NORMAL
2024-03-08 16:00:00+0000,NORMAL
2024-03-08 20:00:00+0000,NORMAL
2024-03-09 00:00:00+0000,NORMAL
2024-03-09 04:00:00+0000,NORMAL
2024-03-09 08:00:00+0000,NORMAL
2024-03-09 12:00:00+0000,NORMAL
2024-03-09 16:00:00+0000,NORMAL
2024-03-09 20:00:00+0000,NORMAL
2024-03-10 00:00:00+0000,NORMAL
2024-03-10 04:00:00+0000,NORMAL
2024-03-10 08:00:00+0000,NORMAL
2024-03-10 12:00:00+0000,NORMAL
2024-03-10 16:00:00+0000,NORMAL
2024-03-10 20:00:00+0000,NORMAL
2024-03-11 00:00:00+0000,NORMAL
2024-03-11 04:00:00+0000,NORMAL
2024-03-11 08:00:00+0000,NORMAL
2024-03-11 12:00:00+0000,NORMAL
2024-03-11 16:00:00+0000,NORMAL
2024-03-11 20:00:00+0000,NORMAL
2024-03-12 00:00:00+0000,NORMAL
2024-03-12 04:00:00+0000,NORMAL
2024-03-12 08:00:00+0000,NORMAL
2024-03-12 12:00:00+0000,NORMAL
2024-03-12 16:00:00+0000,NORMAL
2024-03-12 20:00:00+0000,NORMAL
2024-03-13 00:00:00+0000,NORMAL
2024-03-13 04:00:00+0000,NORMAL
2024-03-13 08:00:00+0000,NORMAL
2024-03-13 12:00:00+0000,NORMAL
2024-03-13 16:00:00+0000,NORMAL
2024-03-13 20:00:00+0000,NORMAL
2024-03-14 00:00:00+0000,NORMAL
2024-03-14 04:00:00+0000,NORMAL
2024-03-14 08:00:00+0000,NORMAL
2024-03-14 12:00:00+0000,NORMAL
2024-03-14 16:00:00+0000,NORMAL
2024-03-14 20:00:00+0000,NORMAL
2024-03-15 00:00:00+0000,NORMAL
2024-03-15 04:00:00+0000,NORMAL
2024-03-15 08:00:00+0000,NORMAL
2024-03-15 12:00:00+0000,NORMAL
2024-03-15 16:00:00+0000,NORMAL
2024-03-15 20:00:00+0000,NORMAL
2024-03-16 00:00:00+0000,NORMAL
2024-03-16 04:00:00+0000,NORMAL
2024-03-16 08:00:00+0000,NORMAL
2024-03-16 12:00:00+0000,NORMAL
2024-03-16 16:00:00+0000,NORMAL
2024-03-16 20:00:00+0000,NORMAL
2024-03-17 00:00:00+0000,NORMAL
2024-03-17 04:00:00+0000,NORMAL
2024-03-17 08:00:00+0000,NORMAL
2024-03-17 12:00:00+0000,NORMAL
2024-03-17 16:00:00+0000,NORMAL
2024-03-17 20:00:00+0000,NORMAL
2024-03-18 00:00:00+0000,NORMAL
2024-03-18 04:00:00+0000,NORMAL
2024-03-18 08:00:00+0000,NORMAL
2024-03-18 12:00:00+0000,NORMAL
2024-03-18 16:00:00+0000,NORMAL
2024-03-18 20:00:00+0000,NORMAL
2024-03-19 00:00:00+0000,NORMAL
2024-03-19 04:00:00+0000,NORMAL
2024-03-19 08:00:00+0000,NORMAL
2024-03-19 12:00:00+0000,NORMAL
2024-03-19 16:00:00+0000,NORMAL
2024-03-19 20:00:00+0000,NORMAL
2024-03-20 00:00:00+0000,NORMAL
2024-03-20 04:00:00+0000,NORMAL
2024-03-20 08:00:00+0000,NORMAL
2024-03-20 12:00:00+0000,NORMAL
2024-03-20 16:00:00+0000,NORMAL
2024-03-20 20:00:00+0000,NORMAL
2024-03-21 00:00:00+0000,NORMAL
2024-03-21 04:00:00+0000,NORMAL
2024-03-21 08:00:00+0000,NORMAL
2024-03-21 12:00:00+0000,NORMAL
2024-03-21 16:00:00+0000,NORMAL
2024-03-21 20:00:00+0000,NORMAL
2024-03-22 00:00:00+0000,NORMAL
2024-03-22 04:00:00+0000,NORMAL
2024-03-22 08:00:00+0000,NORMAL
2024-03-22 12:00:00+0000,NORMAL
2024-03-22 16:00:00+0000,NORMAL
2024-03-22 20:00:00+0000,NORMAL
2024-03-23 00:00:00+0000,NORMAL
2024-03-23 04:00:00+0000,NORMAL
2024-03-23 08:00:00+0000,NORMAL
2024-03-23 12:00:00+0000,NORMAL
2024-03-23 16:00:00+0000,NORMAL
2024-03-23 20:00:00+0000,NORMAL
2024-03-24 00:00:00+0000,NORMAL
2024-03-24 04:00:00+0000,NORMAL
2024-03-24 08:00:00+0000,NORMAL
2024-03-24 12:00:00+0000,NORMAL
2024-03-24 16:00:00+0000,NORMAL
2024-03-24 20:00:00+0000,NORMAL
2024-03-25 00:00:00+0000,NORMAL
2024-03-25 04:00:00+0000,NORMAL
2024-03-25 08:00:00+0000,NORMAL
2024-03-25 12:00:00+0000,NORMAL
2024-03-25 16:00:00+0000,NORMAL
2024-03-25 20:00:00+0000,NORMAL
2024-03-26 00:00:00+0000,NORMAL
2024-03-26 04:00:00+0000,NORMAL
2024-03-26 08:00:00+0000,NORMAL
2024-03-26 12:00:00+0000,NORMAL
2024-03-26 16:00:00+0000,NORMAL
2024-03-26 20:00:00+0000,NORMAL
2024-03-27 00:00:00+0000,NORMAL
2024-03-27 04:00:00+0000,NORMAL
2024-03-27 08:00:00+0000,NORMAL
2024-03-27 12:00:00+0000,NORMAL
2024-03-27 16:00:00+0000,NORMAL
2024-03-27 20:00:00+0000,NORMAL
2024-03-28 00:00:00+0000,NORMAL
2024-03-28 04:00:00+0000,NORMAL
2024-03-28 08:00:00+0000,NORMAL
2024-03-28 12:00:00+0000,NORMAL
2024-03-28 16:00:00+0000,NORMAL
2024-03-28 20:00:00+0000,NORMAL
2024-03-29 00:00:00+0000,NORMAL
2024-03-29 04:00:00+0000,NORMAL
2024-03-29 08:00:00+0000,NORMAL
2024-03-29 12:00:00+0000,NORMAL
2024-03-29 16:00:00+0000,NORMAL
2024-03-29 20:00:00+0000,NORMAL
2024-03-30 00:00:00+0000,NORMAL
2024-03-30 04:00:00+0000,NORMAL
2024-03-30 08:00:00+0000,NORMAL
2024-03-30 12:00:00+0000,NORMAL
2024-03-30 16:00:00+0000,NORMAL
2024-03-30 20:00:00+0000,NORMAL
2024-03-31 00:00:00+0000,NORMAL
2024-03-31 04:00:00+0000,NORMAL
2024-03-31 08:00:00+0000,NORMAL
2024-03-31 12:00:00+0000,NORMAL
2024-03-31 16:00:00+0000,NORMAL
2024-03-31 20:00:00+0000,NORMAL
2024-04-01 00:00:00+0000,NORMAL
2024-04-01 04:00:00+0000,NORMAL
2024-04-01 08:00:00+0000,NORMAL
2024-04-01 12:00:00+0000,NORMAL
2024-04-01 16:00:00+0000,NORMAL
2024-04-01 20:00:00+0000,NORMAL
2024-04-02 00:00:00+0000,NORMAL
2024-04-02 04:00:00+0000,NORMAL
2024-04-02 08:00:00+0000,NORMAL
2024-04-02 12:00:00+0000,NORMAL
2024-04-02 16:00:00+0000,NORMAL
2024-04-02 20:00:00+0000,NORMAL
2024-04-03 00:00:00+0000,NORMAL
2024-04-03 04:00:00+0000,NORMAL
2024-04-03 08:00:00+0000,NORMAL
2024-04-03 12:00:00+0000,NORMAL
2024-04-03 16:00:00+0000,NORMAL
2024-04-03 20:00:00+0000,NORMAL
2024-04-04 00:00:00+0000,NORMAL
2024-04-04 04:00:00+0000,NORMAL
2024-04-04 08:00:00+0000,NORMAL
2024-04-04 12:00:00+0000,NORMAL
2024-04-04 16:00:00+0000,NORMAL
2024-04-04 20:00:00+0000,NORMAL
2024-04-05 00:00:00+0000,NORMAL
2024-04-05 04:00:00+0000,NORMAL
2024-04-05 08:00:00+0000,NORMAL
2024-04-05 12:00:00+0000,NORMAL
2024-04-05 16:00:00+0000,NORMAL
2024-04-05 20:00:00+0000,NORMAL
2024-04-06 00:00:00+0000,NORMAL
2024-04-06 04:00:00+0000,NORMAL
2024-04-06 08:00:00+0000,NORMAL
2024-04-06 12:00:00+0000,NORMAL
2024-04-06 16:00:00+0000,NORMAL
2024-04-06 20:00:00+0000,NORMAL
2024-04-07 00:00:00+0000,NORMAL
2024-04-07 04:00:00+0000,NORMAL
2024-04-07 08:00:00+0000,NORMAL
2024-04-07 12:00:00+0000,NORMAL
2024-04-07 16:00:00+0000,NORMAL
2024-04-07 20:00:00+0000,NORMAL
2024-04-08 00:00:00+0000,NORMAL
2024-04-08 04:00:00+0000,NORMAL
2024-04-08 08:00:00+0000,NORMAL
2024-04-08 12:00:00+0000,NORMAL
2024-04-08 16:00:00+0000,NORMAL
2024-04-08 20:00:00+0000,NORMAL
2024-04-09 00:00:00+0000,NORMAL
2024-04-09 04:00:00+0000,NORMAL
2024-04-09 08:00:00+0000,NORMAL
2024-04-09 12:00:00+0000,NORMAL
2024-04-09 16:00:00+0000,NORMAL
2024-04-09 20:00:00+0000,NORMAL
2024-04-10 00:00:00+0000,NORMAL
2024-04-10 04:00:00+0000,NORMAL
2024-04-10 08:00:00+0000,NORMAL
2024-04-10 12:00:00+0000,NORMAL
2024-04-10 16:00:00+0000,NORMAL
2024-04-10 20:00:00+0000,NORMAL
2024-04-11 00:00:00+0000,NORMAL
2024-04-11 04:00:00+0000,NORMAL
2024-04-11 08:00:00+0000,NORMAL
2024-04-11 12:00:00+0000,NORMAL
2024-04-11 16:00:00+0000,NORMAL
2024-04-11 20:00:00+0000,NORMAL
2024-04-12 00:00:00+0000,NORMAL
2024-04-12 04:00:00+0000,NORMAL
2024-04-12 08:00:00+0000,NORMAL
2024-04-12 12:00:00+0000,NORMAL
2024-04-12 16:00:00+0000,NORMAL
2024-04-12 20:00:00+0000,NORMAL
2024-04-13 00:00:00+0000,NORMAL
2024-04-13 04:00:00+0000,NORMAL
2024-04-13 08:00:00+0000,NORMAL
2024-04-13 12:00:00+0000,NORMAL
2024-04-13 16:00:00+0000,NORMAL
2024-04-13 20:00:00+0000,NORMAL
2024-04-14 00:00:00+0000,NORMAL
2024-04-14 04:00:00+0000,NORMAL
2024-04-14 08:00:00+0000,NORMAL
2024-04-14 12:00:00+0000,NORMAL
2024-04-14 16:00:00+0000,NORMAL
2024-04-14 20:00:00+0000,NORMAL
2024-04-15 00:00:00+0000,NORMAL
2024-04-15 04:00:00+0000,NORMAL
2024-04-15 08:00:00+0000,NORMAL
2024-04-15 12:00:00+0000,NORMAL
2024-04-15 16:00:00+0000,NORMAL
2024-04-15 20:00:00+0000,NORMAL
2024-04-16 00:00:00+0000,NORMAL
2024-04-16 04:00:00+0000,NORMAL
2024-04-16 08:00:00+0000,NORMAL
2024-04-16 12:00:00+0000,NORMAL
2024-04-16 16:00:00+0000,NORMAL
2024-04-16 20:00:00+0000,NORMAL
2024-04-17 00:00:00+0000,NORMAL
2024-04-17 04:00:00+0000,NORMAL
2024-04-17 08:00:00+0000,NORMAL
2024-04-17 12:00:00+0000,NORMAL
2024-04-17 16:00:00+0000,NORMAL
2024-04-17 20:00:00+0000,NORMAL
2024-04-18 00:00:00+0000,NORMAL
2024-04-18 04:00:00+0000,NORMAL
2024-04-18 08:00:00+0000,NORMAL
2024-04-18 12:00:00+0000,NORMAL
2024-04-18 16:00:00+0000,NORMAL
2024-04-18 20:00:00+0000,NORMAL
2024-04-19 00:00:00+0000,NORMAL
2024-04-19 04:00:00+0000,NORMAL
2024-04-19 08:00:00+0000,NORMAL
2024-04-19 12:00:00+0000,NORMAL
2024-04-19 16:00:00+0000,NORMAL
2024-04-19 20:00:00+0000,NORMAL
2024-04-20 00:00:00+0000,NORMAL
2024-04-20 04:00:00+0000,NORMAL
2024-04-20 08:00:00+0000,NORMAL
2024-04-20 12:00:00+0000,NORMAL
2024-04-20 16:00:00+0000,NORMAL
2024-04-20 20:00:00+0000,NORMAL
2024-04-21 00:00:00+0000,NORMAL
2024-04-21 04:00:00+0000,NORMAL
2024-04-21 08:00:00+0000,NORMAL
2024-04-21 12:00:00+0000,NORMAL
2024-04-21 16:00:00+0000,NORMAL
2024-04-21 20:00:00+0000,NORMAL
2024-04-22 00:00:00+0000,NORMAL
2024-04-22 04:00:00+0000,NORMAL
2024-04-22 08:00:00+0000,NORMAL
2024-04-22 12:00:00+0000,NORMAL
2024-04-22 16:00:00+0000,NORMAL
2024-04-22 20:00:00+0000,NORMAL
2024-04-23 00:00:00+0000,NORMAL
2024-04-23 04:00:00+0000,NORMAL
2024-04-23 08:00:00+0000,NORMAL
2024-04-23 12:00:00+0000,NORMAL
2024-04-23 16:00:00+0000,NORMAL
2024-04-23 20:00:00+0000,NORMAL
2024-04-24 00:00:00+0000,NORMAL
2024-04-24 04:00:00+0000,NORMAL
2024-04-24 08:00:00+0000,NORMAL
2024-04-24 12:00:00+0000,NORMAL
2024-04-24 16:00:00+0000,NORMAL
2024-04-24 20:00:00+0000,NORMAL
2024-04-25 00:00:00+0000,NORMAL
2024-04-25 04:00:00+0000,NORMAL
2024-04-25 08:00:00+0000,NORMAL
2024-04-25 12:00:00+0000,NORMAL
2024-04-25 16:00:00+0000,NORMAL
2024-04-25 20:00:00+0000,NORMAL
2024-04-26 00:00:00+0000,NORMAL
2024-04-26 04:00:00+0000,NORMAL
2024-04-26 08:00:00+0000,NORMAL
2024-04-26 12:00:00+0000,NORMAL
2024-04-26 16:00:00+0000,NORMAL
2024-04-26 20:00:00+0000,NORMAL
2024-04-27 00:00:00+0000,NORMAL
2024-04-27 04:00:00+0000,NORMAL
2024-04-27 08:00:00+0000,NORMAL
2024-04-27 12:00:00+0000,NORMAL
2024-04-27 16:00:00+0000,NORMAL
2024-04-27 20:00:00+0000,NORMAL
2024-04-28 00:00:00+0000,NORMAL
2024-04-28 04:00:00+0000,NORMAL
2024-04-28 08:00:00+0000,NORMAL
2024-04-28 12:00:00+0000,NORMAL
2024-04-28 16:00:00+0000,NORMAL
2024-04-28 20:00:00+0000,NORMAL
2024-04-29 00:00:00+0000,NORMAL
2024-04-29 04:00:00+0000,NORMAL
2024-04-29 08:00:00+0000,NORMAL
2024-04-29 12:00:00+0000,NORMAL
2024-04-29 16:00:00+0000,NORMAL
2024-04-29 20:00:00+0000,NORMAL
2024-04-30 00:00:00+0000,NORMAL
2024-04-30 04:00:00+0000,NORMAL
2024-04-30 08:00:00+0000,NORMAL
2024-04-30 12:00:00+0000,NORMAL
2024-04-30 16:00:00+0000,NORMAL
2024-04-30 20:00:00+0000,NORMAL
2024-05-01 00:00:00+0000,NORMAL
2024-05-01 04:00:00+0000,NORMAL
2024-05-01 08:00:00+0000,NORMAL
2024-05-01 12:00:00+0000,NORMAL
2024-05-01 16:00:00+0000,NORMAL
2024-05-01 20:00:00+0000,NORMAL
2024-05-02 00:00:00+0000,NORMAL
2024-05-02 04:00:00+0000,NORMAL
2024-05-02 08:00:00+0000,NORMAL
2024-05-02 12:00:00+0000,NORMAL
2024-05-02 16:00:00+0000,NORMAL
2024-05-02 20:00:00+0000,NORMAL
2024-05-03 00:00:00+0000,NORMAL
2024-05-03 04:00:00+0000,NORMAL
2024-05-03 08:00:00+0000,NORMAL
2024-05-03 12:00:00+0000,NORMAL
2024-05-03 16:00:00+0000,NORMAL
2024-05-03 20:00:00+0000,NORMAL
2024-05-04 00:00:00+0000,NORMAL
2024-05-04 04:00:00+0000,NORMAL
2024-05-04 08:00:00+0000,NORMAL
2024-05-04 12:00:00+0000,NORMAL
2024-05-04 16:00:00+0000,NORMAL
2024-05-04 20:00:00+0000,NORMAL
2024-05-05 00:00:00+0000,NORMAL
2024-05-05 04:00:00+0000,NORMAL
2024-05-05 08:00:00+0000,NORMAL
2024-05-05 12:00:00+0000,NORMAL
2024-05-05 16:00:00+0000,NORMAL
2024-05-05 20:00:00+0000,NORMAL
2024-05-06 00:00:00+0000,NORMAL
2024-05-06 04:00:00+0000,NORMAL
2024-05-06 08:00:00+0000,NORMAL
2024-05-06 12:00:00+0000,NORMAL
2024-05-06 16:00:00+0000,NORMAL
2024-05-06 20:00:00+0000,NORMAL
2024-05-07 00:00:00+0000,NORMAL
2024-05-07 04:00:00+0000,NORMAL
2024-05-07 08:00:00+0000,NORMAL
2024-05-07 12:00:00+0000,NORMAL
2024-05-07 16:00:00+0000,NORMAL
2024-05-07 20:00:00+0000,NORMAL
2024-05-08 00:00:00+0000,NORMAL
2024-05-08 04:00:00+0000,NORMAL
2024-05-08 08:00:00+0000,NORMAL
2024-05-08 12:00:00+0000,NORMAL
2024-05-08 16:00:00+0000,NORMAL
2024-05-08 20:00:00+0000,NORMAL
2024-05-09 00:00:00+0000,NORMAL
2024-05-09 04:00:00+0000,NORMAL
2024-05-09 08:00:00+0000,NORMAL
2024-05-09 12:00:00+0000,NORMAL
2024-05-09 16:00:00+0000,NORMAL
2024-05-09 20:00:00+0000,NORMAL
2024-05-10 00:00:00+0000,NORMAL
2024-05-10 04:00:00+0000,NORMAL
2024-05-10 08:00:00+0000,NORMAL
2024-05-10 12:00:00+0000,NORMAL
2024-05-10 16:00:00+0000,NORMAL
2024-05-10 20:00:00+0000,NORMAL
2024-05-11 00:00:00+0000,NORMAL
2024-05-11 04:00:00+0000,NORMAL
2024-05-11 08:00:00+0000,NORMAL
2024-05-11 12:00:00+0000,NORMAL
2024-05-11 16:00:00+0000,NORMAL
2024-05-11 20:00:00+0000,NORMAL
2024-05-12 00:00:00+0000,NORMAL
2024-05-12 04:00:00+0000,NORMAL
2024-05-12 08:00:00+0000,NORMAL
2024-05-12 12:00:00+0000,NORMAL
2024-05-12 16:00:00+0000,NORMAL
2024-05-12 20:00:00+0000,NORMAL
2024-05-13 00:00:00+0000,NORMAL
2024-05-13 04:00:00+0000,NORMAL
2024-05-13 08:00:00+0000,NORMAL
2024-05-13 12:00:00+0000,NORMAL
2024-05-13 16:00:00+0000,NORMAL
2024-05-13 20:00:00+0000,NORMAL
2024-05-14 00:00:00+0000,NORMAL
2024-05-14 04:00:00+0000,NORMAL
2024-05-14 08:00:00+0000,NORMAL
2024-05-14 12:00:00+0000,NORMAL
2024-05-14 16:00:00+0000,NORMAL
2024-05-14 20:00:00+0000,NORMAL
2024-05-15 00:00:00+0000,NORMAL
2024-05-15 04:00:00+0000,NORMAL
2024-05-15 08:00:00+0000,NORMAL
2024-05-15 12:00:00+0000,NORMAL
2024-05-15 16:00:00+0000,NORMAL
2024-05-15 20:00:00+0000,NORMAL
2024-05-16 00:00:00+0000,NORMAL
2024-05-16 04:00:00+0000,NORMAL
2024-05-16 08:00:00+0000,NORMAL
2024-05-16 12:00:00+0000,NORMAL
2024-05-16 16:00:00+0000,NORMAL
2024-05-16 20:00:00+0000,NORMAL
2024-05-17 00:00:00+0000,NORMAL
2024-05-17 04:00:00+0000,NORMAL
2024-05-17 08:00:00+0000,NORMAL
2024-05-17 12:00:00+0000,NORMAL
2024-05-17 16:00:00+0000,NORMAL
2024-05-17 20:00:00+0000,NORMAL
2024-05-18 00:00:00+0000,NORMAL
2024-05-18 04:00:00+0000,NORMAL
2024-05-18 08:00:00+0000,NORMAL
2024-05-18 12:00:00+0000,NORMAL
2024-05-18 16:00:00+0000,NORMAL
2024-05-18 20:00:00+0000,NORMAL
2024-05-19 00:00:00+0000,NORMAL
2024-05-19 04:00:00+0000,NORMAL
2024-05-19 08:00:00+0000,NORMAL
2024-05-19 12:00:00+0000,NORMAL
2024-05-19 16:00:00+0000,NORMAL
2024-05-19 20:00:00+0000,NORMAL
2024-05-20 00:00:00+0000,NORMAL
2024-05-20 04:00:00+0000,NORMAL
2024-05-20 08:00:00+0000,NORMAL
2024-05-20 12:00:00+0000,NORMAL
2024-05-20 16:00:00+0000,NORMAL
2024-05-20 20:00:00+0000,NORMAL
2024-05-21 00:00:00+0000,NORMAL
2024-05-21 04:00:00+0000,NORMAL
2024-05-21 08:00:00+0000,NORMAL
2024-05-21 12:00:00+0000,NORMAL
2024-05-21 16:00:00+0000,NORMAL
2024-05-21 20:00:00+0000,NORMAL
2024-05-22 00:00:00+0000,NORMAL
2024-05-22 04:00:00+0000,NORMAL
2024-05-22 08:00:00+0000,NORMAL
2024-05-22 12:00:00+0000,NORMAL
2024-05-22 16:00:00+0000,NORMAL
2024-05-22 20:00:00+0000,NORMAL
2024-05-23 00:00:00+0000,NORMAL
2024-05-23 04:00:00+0000,NORMAL
2024-05-23 08:00:00+0000,NORMAL
2024-05-23 12:00:00+0000,NORMAL
2024-05-23 16:00:00+0000,NORMAL
2024-05-23 20:00:00+0000,NORMAL
2024-05-24 00:00:00+0000,NORMAL
2024-05-24 04:00:00+0000,NORMAL
2024-05-24 08:00:00+0000,NORMAL
2024-05-24 12:00:00+0000,NORMAL
2024-05-24 16:00:00+0000,NORMAL
2024-05-24 20:00:00+0000,NORMAL
2024-05-25 00:00:00+0000,NORMAL
2024-05-25 04:00:00+0000,NORMAL
2024-05-25 08:00:00+0000,NORMAL
2024-05-25 12:00:00+0000,NORMAL
2024-05-25 16:00:00+0000,NORMAL
2024-05-25 20:00:00+0000,NORMAL
2024-05-26 00:00:00+0000,NORMAL
2024-05-26 04:00:00+0000,NORMAL
2024-05-26 08:00:00+0000,NORMAL
2024-05-26 12:00:00+0000,NORMAL
2024-05-26 16:00:00+0000,NORMAL
2024-05-26 20:00:00+0000,NORMAL
2024-05-27 00:00:00+0000,NORMAL
2024-05-27 04:00:00+0000,NORMAL
2024-05-27 08:00:00+0000,NORMAL
2024-05-27 12:00:00+0000,NORMAL
2024-05-27 16:00:00+0000,NORMAL
2024-05-27 20:00:00+0000,NORMAL
2024-05-28 00:00:00+0000,NORMAL
2024-05-28 04:00:00+0000,NORMAL
2024-05-28 08:00:00+0000,NORMAL
2024-05-28 12:00:00+0000,NORMAL
2024-05-28 16:00:00+0000,NORMAL
2024-05-28 20:00:00+0000,NORMAL
2024-05-29 00:00:00+0000,NORMAL
2024-05-29 04:00:00+0000,NORMAL
2024-05-29 08:00:00+0000,NORMAL
2024-05-29 12:00:00+0000,NORMAL
2024-05-29 16:00:00+0000,NORMAL
2024-05-29 20:00:00+0000,NORMAL
2024-05-30 00:00:00+0000,NORMAL
2024-05-30 04:00:00+0000,NORMAL
2024-05-30 08:00:00+0000,NORMAL
2024-05-30 12:00:00+0000,NORMAL
2024-05-30 16:00:00+0000,NORMAL
2024-05-30 20:00:00+0000,NORMAL
2024-05-31 00:00:00+0000,NORMAL
2024-05-31 04:00:00+0000,NORMAL
2024-05-31 08:00:00+0000,NORMAL
2024-05-31 12:00:00+0000,NORMAL
2024-05-31 16:00:00+0000,NORMAL
2024-05-31 20:00:00+0000,NORMAL
2024-06-01 00:00:00+0000,NORMAL
2024-06-01 04:00:00+0000,NORMAL
2024-06-01 08:00:00+0000,NORMAL
2024-06-01 12:00:00+0000,NORMAL
2024-06-01 16:00:00+0000,NORMAL
2024-06-01 20:00:00+0000,NORMAL
2024-06-02 00:00:00+0000,NORMAL
2024-06-02 04:00:00+0000,NORMAL
2024-06-02 08:00:00+0000,NORMAL
2024-06-02 12:00:00+0000,NORMAL
2024-06-02 16:00:00+0000,NORMAL
2024-06-02 20:00:00+0000,NORMAL
2024-06-03 00:00:00+0000,NORMAL
2024-06-03 04:00:00+0000,NORMAL
2024-06-03 08:00:00+0000,NORMAL
2024-06-03 12:00:00+0000,NORMAL
2024-06-03 16:00:00+0000,NORMAL
2024-06-03 20:00:00+0000,NORMAL
2024-06-04 00:00:00+0000,NORMAL
2024-06-04 04:00:00+0000,NORMAL
2024-06-04 08:00:00+0000,NORMAL
2024-06-04 12:00:00+0000,NORMAL
2024-06-04 16:00:00+0000,NORMAL
2024-06-04 20:00:00+0000,NORMAL
2024-06-05 00:00:00+0000,NORMAL
2024-06-05 04:00:00+0000,NORMAL
2024-06-05 08:00:00+0000,NORMAL
2024-06-05 12:00:00+0000,NORMAL
2024-06-05 16:00:00+0000,NORMAL
2024-06-05 20:00:00+0000,NORMAL
2024-06-06 00:00:00+0000,NORMAL
2024-06-06 04:00:00+0000,NORMAL
2024-06-06 08:00:00+0000,NORMAL
2024-06-06 12:00:00+0000,NORMAL
2024-06-06 16:00:00+0000,NORMAL
2024-06-06 20:00:00+0000,NORMAL
2024-06-07 00:00:00+0000,NORMAL
2024-06-07 04:00:00+0000,NORMAL
2024-06-07 08:00:00+0000,NORMAL
2024-06-07 12:00:00+0000,NORMAL
2024-06-07 16:00:00+0000,NORMAL
2024-06-07 20:00:00+0000,NORMAL
2024-06-08 00:00:00+0000,NORMAL
2024-06-08 04:00:00+0000,NORMAL
2024-06-08 08:00:00+0000,NORMAL
2024-06-08 12:00:00+0000,NORMAL
2024-06-08 16:00:00+0000,NORMAL
2024-06-08 20:00:00+0000,NORMAL
2024-06-09 00:00:00+0000,NORMAL
2024-06-09 04:00:00+0000,NORMAL
2024-06-09 08:00:00+0000,NORMAL
2024-06-09 12:00:00+0000,NORMAL
2024-06-09 16:00:00+0000,NORMAL
2024-06-09 20:00:00+0000,NORMAL
2024-06-10 00:00:00+0000,NORMAL
2024-06-10 04:00:00+0000,NORMAL
2024-06-10 08:00:00+0000,NORMAL
2024-06-10 12:00:00+0000,NORMAL
2024-06-10 16:00:00+0000,NORMAL
2024-06-10 20:00:00+0000,NORMAL
2024-06-11 00:00:00+0000,NORMAL
2024-06-11 04:00:00+0000,NORMAL
2024-06-11 08:00:00+0000,NORMAL
2024-06-11 12:00:00+0000,NORMAL
2024-06-11 16:00:00+0000,NORMAL
2024-06-11 20:00:00+0000,NORMAL
2024-06-12 00:00:00+0000,NORMAL
2024-06-12 04:00:00+0000,NORMAL
2024-06-12 08:00:00+0000,NORMAL
2024-06-12 12:00:00+0000,NORMAL
2024-06-12 16:00:00+0000,NORMAL
2024-06-12 20:00:00+0000,NORMAL
2024-06-13 00:00:00+0000,NORMAL
2024-06-13 04:00:00+0000,NORMAL
2024-06-13 08:00:00+0000,NORMAL
2024-06-13 12:00:00+0000,NORMAL
2024-06-13 16:00:00+0000,NORMAL
2024-06-13 20:00:00+0000,NORMAL
2024-06-14 00:00:00+0000,NORMAL
2024-06-14 04:00:00+0000,NORMAL
2024-06-14 08:00:00+0000,NORMAL
2024-06-14 12:00:00+0000,NORMAL
2024-06-14 16:00:00+0000,NORMAL
2024-06-14 20:00:00+0000,NORMAL
2024-06-15 00:00:00+0000,NORMAL
2024-06-15 04:00:00+0000,NORMAL
2024-06-15 08:00:00+0000,NORMAL
2024-06-15 12:00:00+0000,NORMAL
2024-06-15 16:00:00+0000,NORMAL
2024-06-15 20:00:00+0000,NORMAL
2024-06-16 00:00:00+0000,NORMAL
2024-06-16 04:00:00+0000,NORMAL
2024-06-16 08:00:00+0000,NORMAL
2024-06-16 12:00:00+0000,NORMAL
2024-06-16 16:00:00+0000,NORMAL
2024-06-16 20:00:00+0000,NORMAL
2024-06-17 00:00:00+0000,NORMAL
2024-06-17 04:00:00+0000,NORMAL
2024-06-17 08:00:00+0000,NORMAL
2024-06-17 12:00:00+0000,NORMAL
2024-06-17 16:00:00+0000,NORMAL
2024-06-17 20:00:00+0000,NORMAL
2024-06-18 00:00:00+0000,NORMAL
2024-06-18 04:00:00+0000,NORMAL
2024-06-18 08:00:00+0000,NORMAL
2024-06-18 12:00:00+0000,NORMAL
2024-06-18 16:00:00+0000,NORMAL
2024-06-18 20:00:00+0000,NORMAL
2024-06-19 00:00:00+0000,NORMAL
2024-06-19 04:00:00+0000,NORMAL
2024-06-19 08:00:00+0000,NORMAL
2024-06-19 12:00:00+0000,NORMAL
2024-06-19 16:00:00+0000,NORMAL
2024-06-19 20:00:00+0000,NORMAL
2024-06-20 00:00:00+0000,NORMAL
2024-06-20 04:00:00+0000,NORMAL
2024-06-20 08:00:00+0000,NORMAL
2024-06-20 12:00:00+0000,NORMAL
2024-06-20 16:00:00+0000,NORMAL
2024-06-20 20:00:00+0000,NORMAL
2024-06-21 00:00:00+0000,NORMAL
2024-06-21 04:00:00+0000,NORMAL
2024-06-21 08:00:00+0000,NORMAL
2024-06-21 12:00:00+0000,NORMAL
2024-06-21 16:00:00+0000,NORMAL
2024-06-21 20:00:00+0000,NORMAL
2024-06-22 00:00:00+0000,NORMAL
2024-06-22 04:00:00+0000,NORMAL
2024-06-22 08:00:00+0000,NORMAL
2024-06-22 12:00:00+0000,NORMAL
2024-06-22 16:00:00+0000,NORMAL
2024-06-22 20:00:00+0000,NORMAL
2024-06-23 00:00:00+0000,NORMAL
2024-06-23 04:00:00+0000,NORMAL
2024-06-23 08:00:00+0000,NORMAL
2024-06-23 12:00:00+0000,NORMAL
2024-06-23 16:00:00+0000,NORMAL
2024-06-23 20:00:00+0000,NORMAL
2024-06-24 00:00:00+0000,NORMAL
2024-06-24 04:00:00+0000,NORMAL
2024-06-24 08:00:00+0000,NORMAL
2024-06-24 12:00:00+0000,NORMAL
2024-06-24 16:00:00+0000,NORMAL
2024-06-24 20:00:00+0000,NORMAL
2024-06-25 00:00:00+0000,NORMAL
2024-06-25 04:00:00+0000,NORMAL
2024-06-25 08:00:00+0000,NORMAL
2024-06-25 12:00:00+0000,NORMAL
2024-06-25 16:00:00+0000,NORMAL
2024-06-25 20:00:00+0000,NORMAL
2024-06-26 00:00:00+0000,NORMAL
2024-06-26 04:00:00+0000,NORMAL
2024-06-26 08:00:00+0000,NORMAL
2024-06-26 12:00:00+0000,NORMAL
2024-06-26 16:00:00+0000,NORMAL
2024-06-26 20:00:00+0000,NORMAL
2024-06-27 00:00:00+0000,NORMAL
2024-06-27 04:00:00+0000,NORMAL
2024-06-27 08:00:00+0000,NORMAL
2024-06-27 12:00:00+0000,NORMAL
2024-06-27 16:00:00+0000,NORMAL
2024-06-27 20:00:00+0000,NORMAL
2024-06-28 00:00:00+0000,NORMAL
2024-06-28 04:00:00+0000,NORMAL
2024-06-28 08:00:00+0000,NORMAL
2024-06-28 12:00:00+0000,NORMAL
2024-06-28 16:00:00+0000,NORMAL
2024-06-28 20:00:00+0000,NORMAL
2024-06-29 00:00:00+0000,NORMAL
2024-06-29 04:00:00+0000,NORMAL
2024-06-29 08:00:00+0000,NORMAL
2024-06-29 12:00:00+0000,NORMAL
2024-06-29 16:00:00+0000,NORMAL
2024-06-29 20:00:00+0000,NORMAL
2024-06-30 00:00:00+0000,NORMAL
2024-06-30 04:00:00+0000,NORMAL
2024-06-30 08:00:00+0000,NORMAL
2024-06-30 12:00:00+0000,NORMAL
2024-06-30 16:00:00+0000,NORMAL
2024-06-30 20:00:00+0000,NORMAL
2024-07-01 00:00:00+0000,NORMAL
2024-07-01 04:00:00+0000,NORMAL
2024-07-01 08:00:00+0000,NORMAL
2024-07-01 12:00:00+0000,NORMAL
2024-07-01 16:00:00+0000,NORMAL
2024-07-01 20:00:00+0000,NORMAL
2024-07-02 00:00:00+0000,NORMAL
2024-07-02 04:00:00+0000,NORMAL
2024-07-02 08:00:00+0000,NORMAL
2024-07-02 12:00:00+0000,NORMAL
2024-07-02 16:00:00+0000,NORMAL
2024-07-02 20:00:00+0000,NORMAL
2024-07-03 00:00:00+0000,NORMAL
2024-07-03 04:00:00+0000,NORMAL
2024-07-03 08:00:00+0000,NORMAL
2024-07-03 12:00:00+0000,NORMAL
2024-07-03 16:00:00+0000,NORMAL
2024-07-03 20:00:00+0000,NORMAL
2024-07-04 00:00:00+0000,NORMAL
2024-07-04 04:00:00+0000,NORMAL
2024-07-04 08:00:00+0000,NORMAL
2024-07-04 12:00:00+0000,NORMAL
2024-07-04 16:00:00+0000,NORMAL
2024-07-04 20:00:00+0000,NORMAL
2024-07-05 00:00:00+0000,NORMAL
2024-07-05 04:00:00+0000,NORMAL
2024-07-05 08:00:00+0000,NORMAL
2024-07-05 12:00:00+0000,NORMAL
2024-07-05 16:00:00+0000,NORMAL
2024-07-05 20:00:00+0000,NORMAL
2024-07-06 00:00:00+0000,NORMAL
2024-07-06 04:00:00+0000,NORMAL
2024-07-06 08:00:00+0000,NORMAL
2024-07-06 12:00:00+0000,NORMAL
2024-07-06 16:00:00+0000,NORMAL
2024-07-06 20:00:00+0000,NORMAL
2024-07-07 00:00:00+0000,NORMAL
2024-07-07 04:00:00+0000,NORMAL
2024-07-07 08:00:00+0000,NORMAL
2024-07-07 12:00:00+0000,NORMAL
2024-07-07 16:00:00+0000,NORMAL
2024-07-07 20:00:00+0000,NORMAL
2024-07-08 00:00:00+0000,NORMAL
2024-07-08 04:00:00+0000,NORMAL
2024-07-08 08:00:00+0000,NORMAL
2024-07-08 12:00:00+0000,NORMAL
2024-07-08 16:00:00+0000,NORMAL
2024-07-08 20:00:00+0000,NORMAL
2024-07-09 00:00:00+0000,NORMAL
2024-07-09 04:00:00+0000,NORMAL
2024-07-09 08:00:00+0000,NORMAL
2024-07-09 12:00:00+0000,NORMAL
2024-07-09 16:00:00+0000,NORMAL
2024-07-09 20:00:00+0000,NORMAL
2024-07-10 00:00:00+0000,NORMAL
2024-07-10 04:00:00+0000,NORMAL
2024-07-10 08:00:00+0000,NORMAL
2024-07-10 12:00:00+0000,NORMAL
2024-07-10 16:00:00+0000,NORMAL
2024-07-10 20:00:00+0000,NORMAL
2024-07-11 00:00:00+0000,NORMAL
2024-07-11 04:00:00+0000,NORMAL
2024-07-11 08:00:00+0000,NORMAL
2024-07-11 12:00:00+0000,NORMAL
2024-07-11 16:00:00+0000,NORMAL
2024-07-11 20:00:00+0000,NORMAL
2024-07-12 00:00:00+0000,NORMAL
2024-07-12 04:00:00+0000,NORMAL
2024-07-12 08:00:00+0000,NORMAL
2024-07-12 12:00:00+0000,NORMAL
2024-07-12 16:00:00+0000,NORMAL
2024-07-12 20:00:00+0000,NORMAL
2024-07-13 00:00:00+0000,NORMAL
2024-07-13 04:00:00+0000,NORMAL
2024-07-13 08:00:00+0000,NORMAL
2024-07-13 12:00:00+0000,NORMAL
2024-07-13 16:00:00+0000,NORMAL
2024-07-13 20:00:00+0000,NORMAL
2024-07-14 00:00:00+0000,NORMAL
2024-07-14 04:00:00+0000,NORMAL
2024-07-14 08:00:00+0000,NORMAL
2024-07-14 12:00:00+0000,NORMAL
2024-07-14 16:00:00+0000,NORMAL
2024-07-14 20:00:00+0000,NORMAL
2024-07-15 00:00:00+0000,NORMAL
